[{"model": "admin.logentry", "pk": 1, "fields": {"action_time": "2021-10-19T19:38:02.463", "user": 1, "content_type": 8, "object_id": "1", "object_repr": "В больницах", "action_flag": 1, "change_message": "[{\"added\": {}}]"}}, {"model": "admin.logentry", "pk": 2, "fields": {"action_time": "2021-10-19T19:40:37.325", "user": 1, "content_type": 8, "object_id": "2", "object_repr": "Спортивные сооружения", "action_flag": 1, "change_message": "[{\"added\": {}}]"}}, {"model": "admin.logentry", "pk": 3, "fields": {"action_time": "2021-10-19T19:41:31.853", "user": 1, "content_type": 8, "object_id": "1", "object_repr": "В больницах", "action_flag": 2, "change_message": "[{\"changed\": {\"fields\": [\"Name uz\"]}}]"}}, {"model": "admin.logentry", "pk": 4, "fields": {"action_time": "2021-10-19T19:42:31.296", "user": 1, "content_type": 8, "object_id": "3", "object_repr": "Образовательные учреждения", "action_flag": 1, "change_message": "[{\"added\": {}}]"}}, {"model": "admin.logentry", "pk": 5, "fields": {"action_time": "2021-10-19T19:53:13.215", "user": 1, "content_type": 8, "object_id": "4", "object_repr": "Торговые центры", "action_flag": 1, "change_message": "[{\"added\": {}}]"}}, {"model": "admin.logentry", "pk": 6, "fields": {"action_time": "2021-10-19T19:57:21.953", "user": 1, "content_type": 8, "object_id": "5", "object_repr": "Частные интерьеры", "action_flag": 1, "change_message": "[{\"added\": {}}]"}}, {"model": "admin.logentry", "pk": 7, "fields": {"action_time": "2021-10-19T19:58:52.698", "user": 1, "content_type": 8, "object_id": "6", "object_repr": "Офисы", "action_flag": 1, "change_message": "[{\"added\": {}}]"}}, {"model": "admin.logentry", "pk": 8, "fields": {"action_time": "2021-10-19T19:59:37.108", "user": 1, "content_type": 8, "object_id": "6", "object_repr": "Офисы", "action_flag": 2, "change_message": "[{\"changed\": {\"fields\": [\"Name uz\"]}}]"}}, {"model": "admin.logentry", "pk": 9, "fields": {"action_time": "2021-10-19T20:01:26.799", "user": 1, "content_type": 8, "object_id": "7", "object_repr": "Прочие товары", "action_flag": 1, "change_message": "[{\"added\": {}}]"}}, {"model": "admin.logentry", "pk": 10, "fields": {"action_time": "2021-10-19T20:02:03.965", "user": 1, "content_type": 8, "object_id": "7", "object_repr": "Прочие товары", "action_flag": 2, "change_message": "[{\"changed\": {\"fields\": [\"Image\"]}}]"}}, {"model": "admin.logentry", "pk": 11, "fields": {"action_time": "2021-10-19T20:05:04.176", "user": 1, "content_type": 8, "object_id": "8", "object_repr": "Гибкая граница", "action_flag": 1, "change_message": "[{\"added\": {}}]"}}, {"model": "admin.logentry", "pk": 12, "fields": {"action_time": "2021-10-19T20:08:42.795", "user": 1, "content_type": 8, "object_id": "6", "object_repr": "Офисы", "action_flag": 2, "change_message": "[{\"changed\": {\"fields\": [\"Image\"]}}]"}}, {"model": "admin.logentry", "pk": 13, "fields": {"action_time": "2021-10-19T20:10:13.592", "user": 1, "content_type": 8, "object_id": "5", "object_repr": "Частные интерьеры", "action_flag": 2, "change_message": "[{\"changed\": {\"fields\": [\"Image\"]}}]"}}, {"model": "admin.logentry", "pk": 14, "fields": {"action_time": "2021-10-19T20:11:18.332", "user": 1, "content_type": 8, "object_id": "1", "object_repr": "В больницах", "action_flag": 2, "change_message": "[{\"changed\": {\"fields\": [\"Image\"]}}]"}}, {"model": "admin.logentry", "pk": 15, "fields": {"action_time": "2021-10-19T20:14:32.169", "user": 1, "content_type": 8, "object_id": "1", "object_repr": "В больницах", "action_flag": 2, "change_message": "[{\"changed\": {\"fields\": [\"Image\"]}}]"}}, {"model": "admin.logentry", "pk": 16, "fields": {"action_time": "2021-10-19T20:53:35.145", "user": 1, "content_type": 8, "object_id": "3", "object_repr": "Школа и колледж", "action_flag": 2, "change_message": "[{\"changed\": {\"fields\": [\"Name uz\", \"Name ru\"]}}]"}}, {"model": "admin.logentry", "pk": 17, "fields": {"action_time": "2021-10-19T21:12:53.599", "user": 1, "content_type": 9, "object_id": "1", "object_repr": "relen object (1)", "action_flag": 1, "change_message": "[{\"added\": {}}]"}}, {"model": "admin.logentry", "pk": 18, "fields": {"action_time": "2021-10-19T21:13:20.615", "user": 1, "content_type": 9, "object_id": "2", "object_repr": "relen object (2)", "action_flag": 1, "change_message": "[{\"added\": {}}]"}}, {"model": "admin.logentry", "pk": 19, "fields": {"action_time": "2021-10-19T21:13:37.621", "user": 1, "content_type": 9, "object_id": "3", "object_repr": "relen object (3)", "action_flag": 1, "change_message": "[{\"added\": {}}]"}}, {"model": "admin.logentry", "pk": 20, "fields": {"action_time": "2021-10-19T21:13:53.799", "user": 1, "content_type": 9, "object_id": "4", "object_repr": "relen object (4)", "action_flag": 1, "change_message": "[{\"added\": {}}]"}}, {"model": "admin.logentry", "pk": 21, "fields": {"action_time": "2021-10-19T21:14:06.584", "user": 1, "content_type": 9, "object_id": "5", "object_repr": "relen object (5)", "action_flag": 1, "change_message": "[{\"added\": {}}]"}}, {"model": "admin.logentry", "pk": 22, "fields": {"action_time": "2021-10-19T21:14:18.505", "user": 1, "content_type": 9, "object_id": "6", "object_repr": "relen object (6)", "action_flag": 1, "change_message": "[{\"added\": {}}]"}}, {"model": "admin.logentry", "pk": 23, "fields": {"action_time": "2021-10-19T21:14:32.153", "user": 1, "content_type": 9, "object_id": "7", "object_repr": "relen object (7)", "action_flag": 1, "change_message": "[{\"added\": {}}]"}}, {"model": "admin.logentry", "pk": 24, "fields": {"action_time": "2021-10-19T21:14:53.117", "user": 1, "content_type": 9, "object_id": "8", "object_repr": "relen object (8)", "action_flag": 1, "change_message": "[{\"added\": {}}]"}}, {"model": "admin.logentry", "pk": 25, "fields": {"action_time": "2021-10-19T21:15:47.551", "user": 1, "content_type": 9, "object_id": "9", "object_repr": "relen object (9)", "action_flag": 1, "change_message": "[{\"added\": {}}]"}}, {"model": "admin.logentry", "pk": 26, "fields": {"action_time": "2021-10-19T21:16:06.056", "user": 1, "content_type": 9, "object_id": "10", "object_repr": "relen object (10)", "action_flag": 1, "change_message": "[{\"added\": {}}]"}}, {"model": "admin.logentry", "pk": 27, "fields": {"action_time": "2021-10-19T21:16:26.283", "user": 1, "content_type": 9, "object_id": "11", "object_repr": "relen object (11)", "action_flag": 1, "change_message": "[{\"added\": {}}]"}}, {"model": "admin.logentry", "pk": 28, "fields": {"action_time": "2021-10-19T21:17:00.425", "user": 1, "content_type": 9, "object_id": "12", "object_repr": "relen object (12)", "action_flag": 1, "change_message": "[{\"added\": {}}]"}}, {"model": "admin.logentry", "pk": 29, "fields": {"action_time": "2021-10-19T21:17:19.144", "user": 1, "content_type": 9, "object_id": "13", "object_repr": "relen object (13)", "action_flag": 1, "change_message": "[{\"added\": {}}]"}}, {"model": "admin.logentry", "pk": 30, "fields": {"action_time": "2021-10-21T12:29:13.496", "user": 1, "content_type": 9, "object_id": "14", "object_repr": "relen object (14)", "action_flag": 1, "change_message": "[{\"added\": {}}]"}}, {"model": "admin.logentry", "pk": 31, "fields": {"action_time": "2021-10-21T12:32:37.600", "user": 1, "content_type": 9, "object_id": "15", "object_repr": "relen object (15)", "action_flag": 1, "change_message": "[{\"added\": {}}]"}}, {"model": "admin.logentry", "pk": 32, "fields": {"action_time": "2021-10-21T13:05:44.982", "user": 1, "content_type": 9, "object_id": "14", "object_repr": "relen object (14)", "action_flag": 3, "change_message": ""}}, {"model": "admin.logentry", "pk": 33, "fields": {"action_time": "2021-10-21T13:05:50.548", "user": 1, "content_type": 9, "object_id": "15", "object_repr": "relen object (15)", "action_flag": 3, "change_message": ""}}, {"model": "admin.logentry", "pk": 34, "fields": {"action_time": "2021-10-21T13:50:50.967", "user": 1, "content_type": 4, "object_id": "2", "object_repr": "admin", "action_flag": 1, "change_message": "[{\"added\": {}}]"}}, {"model": "admin.logentry", "pk": 35, "fields": {"action_time": "2021-10-21T13:53:05.777", "user": 1, "content_type": 4, "object_id": "2", "object_repr": "admin", "action_flag": 2, "change_message": "[{\"changed\": {\"fields\": [\"Staff status\", \"Superuser status\", \"User permissions\"]}}]"}}, {"model": "admin.logentry", "pk": 36, "fields": {"action_time": "2021-10-21T13:55:00.729", "user": 2, "content_type": 4, "object_id": "1", "object_repr": "ismoil", "action_flag": 2, "change_message": "[{\"changed\": {\"fields\": [\"Staff status\", \"Superuser status\"]}}]"}}, {"model": "admin.logentry", "pk": 37, "fields": {"action_time": "2021-10-21T14:03:39.712", "user": 2, "content_type": 4, "object_id": "1", "object_repr": "ismoil", "action_flag": 2, "change_message": "[{\"changed\": {\"fields\": [\"Staff status\"]}}]"}}, {"model": "admin.logentry", "pk": 38, "fields": {"action_time": "2021-10-21T14:04:46.068", "user": 2, "content_type": 4, "object_id": "1", "object_repr": "ismoil", "action_flag": 2, "change_message": "[{\"changed\": {\"fields\": [\"Superuser status\"]}}]"}}, {"model": "admin.logentry", "pk": 39, "fields": {"action_time": "2021-10-21T16:31:22.952", "user": 1, "content_type": 7, "object_id": "1", "object_repr": "Post object (1)", "action_flag": 1, "change_message": "[{\"added\": {}}]"}}, {"model": "admin.logentry", "pk": 40, "fields": {"action_time": "2021-10-21T16:33:07.303", "user": 1, "content_type": 7, "object_id": "1", "object_repr": "Post object (1)", "action_flag": 2, "change_message": "[]"}}, {"model": "admin.logentry", "pk": 41, "fields": {"action_time": "2021-10-21T16:34:38.279", "user": 1, "content_type": 7, "object_id": "1", "object_repr": "Post object (1)", "action_flag": 2, "change_message": "[{\"changed\": {\"fields\": [\"Post\"]}}]"}}, {"model": "admin.logentry", "pk": 42, "fields": {"action_time": "2021-10-21T17:19:54.595", "user": 1, "content_type": 7, "object_id": "2", "object_repr": "Post object (2)", "action_flag": 1, "change_message": "[{\"added\": {}}]"}}, {"model": "admin.logentry", "pk": 43, "fields": {"action_time": "2021-10-21T17:27:05.402", "user": 1, "content_type": 7, "object_id": "3", "object_repr": "Post object (3)", "action_flag": 1, "change_message": "[{\"added\": {}}]"}}, {"model": "admin.logentry", "pk": 44, "fields": {"action_time": "2021-10-21T17:34:01.100", "user": 1, "content_type": 7, "object_id": "4", "object_repr": "Post object (4)", "action_flag": 1, "change_message": "[{\"added\": {}}]"}}, {"model": "admin.logentry", "pk": 45, "fields": {"action_time": "2021-10-21T17:37:58.577", "user": 1, "content_type": 7, "object_id": "5", "object_repr": "Post object (5)", "action_flag": 1, "change_message": "[{\"added\": {}}]"}}, {"model": "admin.logentry", "pk": 46, "fields": {"action_time": "2021-10-21T17:41:34.308", "user": 1, "content_type": 7, "object_id": "6", "object_repr": "Post object (6)", "action_flag": 1, "change_message": "[{\"added\": {}}]"}}, {"model": "admin.logentry", "pk": 47, "fields": {"action_time": "2021-10-21T17:45:39.283", "user": 1, "content_type": 7, "object_id": "7", "object_repr": "Post object (7)", "action_flag": 1, "change_message": "[{\"added\": {}}]"}}, {"model": "admin.logentry", "pk": 48, "fields": {"action_time": "2021-10-21T17:49:03.078", "user": 1, "content_type": 7, "object_id": "8", "object_repr": "Post object (8)", "action_flag": 1, "change_message": "[{\"added\": {}}]"}}, {"model": "admin.logentry", "pk": 49, "fields": {"action_time": "2021-10-21T17:51:45.844", "user": 1, "content_type": 7, "object_id": "9", "object_repr": "Post object (9)", "action_flag": 1, "change_message": "[{\"added\": {}}]"}}, {"model": "admin.logentry", "pk": 50, "fields": {"action_time": "2021-10-21T17:54:22.553", "user": 1, "content_type": 7, "object_id": "10", "object_repr": "Post object (10)", "action_flag": 1, "change_message": "[{\"added\": {}}]"}}, {"model": "admin.logentry", "pk": 51, "fields": {"action_time": "2021-10-21T17:56:25.206", "user": 1, "content_type": 7, "object_id": "11", "object_repr": "Post object (11)", "action_flag": 1, "change_message": "[{\"added\": {}}]"}}, {"model": "admin.logentry", "pk": 52, "fields": {"action_time": "2021-10-21T17:57:44.158", "user": 1, "content_type": 7, "object_id": "12", "object_repr": "Post object (12)", "action_flag": 1, "change_message": "[{\"added\": {}}]"}}, {"model": "admin.logentry", "pk": 53, "fields": {"action_time": "2021-10-21T18:01:10.472", "user": 1, "content_type": 7, "object_id": "13", "object_repr": "Post object (13)", "action_flag": 1, "change_message": "[{\"added\": {}}]"}}, {"model": "admin.logentry", "pk": 54, "fields": {"action_time": "2021-10-21T18:06:28.275", "user": 1, "content_type": 7, "object_id": "14", "object_repr": "Post object (14)", "action_flag": 1, "change_message": "[{\"added\": {}}]"}}, {"model": "admin.logentry", "pk": 55, "fields": {"action_time": "2021-10-21T18:06:46.967", "user": 1, "content_type": 7, "object_id": "14", "object_repr": "Post object (14)", "action_flag": 2, "change_message": "[{\"changed\": {\"fields\": [\"Comment uz\", \"Comment ru\"]}}]"}}, {"model": "admin.logentry", "pk": 56, "fields": {"action_time": "2021-10-21T18:07:11.963", "user": 1, "content_type": 7, "object_id": "15", "object_repr": "Post object (15)", "action_flag": 1, "change_message": "[{\"added\": {}}]"}}, {"model": "admin.logentry", "pk": 57, "fields": {"action_time": "2021-10-21T18:07:25.525", "user": 1, "content_type": 7, "object_id": "16", "object_repr": "Post object (16)", "action_flag": 1, "change_message": "[{\"added\": {}}]"}}, {"model": "admin.logentry", "pk": 58, "fields": {"action_time": "2021-10-21T18:07:51.253", "user": 1, "content_type": 7, "object_id": "17", "object_repr": "Post object (17)", "action_flag": 1, "change_message": "[{\"added\": {}}]"}}, {"model": "admin.logentry", "pk": 59, "fields": {"action_time": "2021-10-21T18:12:59.253", "user": 1, "content_type": 7, "object_id": "16", "object_repr": "Post object (16)", "action_flag": 2, "change_message": "[{\"changed\": {\"fields\": [\"Subject uz\", \"Subject ru\"]}}]"}}, {"model": "admin.logentry", "pk": 60, "fields": {"action_time": "2021-10-21T18:19:24.036", "user": 1, "content_type": 7, "object_id": "16", "object_repr": "Post object (16)", "action_flag": 3, "change_message": ""}}, {"model": "admin.logentry", "pk": 61, "fields": {"action_time": "2021-10-21T18:19:29.228", "user": 1, "content_type": 7, "object_id": "17", "object_repr": "Post object (17)", "action_flag": 3, "change_message": ""}}, {"model": "admin.logentry", "pk": 62, "fields": {"action_time": "2021-10-21T18:19:33.073", "user": 1, "content_type": 7, "object_id": "15", "object_repr": "Post object (15)", "action_flag": 3, "change_message": ""}}, {"model": "admin.logentry", "pk": 63, "fields": {"action_time": "2021-10-21T18:19:37.137", "user": 1, "content_type": 7, "object_id": "14", "object_repr": "Post object (14)", "action_flag": 3, "change_message": ""}}, {"model": "admin.logentry", "pk": 64, "fields": {"action_time": "2021-10-21T18:22:06.104", "user": 1, "content_type": 7, "object_id": "3", "object_repr": "Post object (3)", "action_flag": 2, "change_message": "[{\"changed\": {\"fields\": [\"Post\"]}}]"}}, {"model": "admin.logentry", "pk": 65, "fields": {"action_time": "2021-10-22T10:46:57.204", "user": 1, "content_type": 8, "object_id": "5", "object_repr": "Частные интерьеры", "action_flag": 2, "change_message": "[]"}}, {"model": "admin.logentry", "pk": 66, "fields": {"action_time": "2021-10-24T15:58:59.484", "user": 1, "content_type": 12, "object_id": "1", "object_repr": "Properties object (1)", "action_flag": 1, "change_message": "[{\"added\": {}}]"}}, {"model": "admin.logentry", "pk": 67, "fields": {"action_time": "2021-10-24T16:25:56.878", "user": 1, "content_type": 8, "object_id": "8", "object_repr": "Гибкая граница", "action_flag": 2, "change_message": "[{\"changed\": {\"fields\": [\"Properties\"]}}]"}}, {"model": "admin.logentry", "pk": 68, "fields": {"action_time": "2021-10-24T16:26:23.144", "user": 1, "content_type": 8, "object_id": "8", "object_repr": "Гибкая граница", "action_flag": 2, "change_message": "[{\"changed\": {\"fields\": [\"Image\"]}}]"}}, {"model": "admin.logentry", "pk": 69, "fields": {"action_time": "2021-10-24T16:26:42.333", "user": 1, "content_type": 8, "object_id": "7", "object_repr": "Прочие товары", "action_flag": 2, "change_message": "[{\"changed\": {\"fields\": [\"Image\", \"Properties\"]}}]"}}, {"model": "admin.logentry", "pk": 70, "fields": {"action_time": "2021-10-24T16:26:53.471", "user": 1, "content_type": 8, "object_id": "6", "object_repr": "Офисы", "action_flag": 2, "change_message": "[{\"changed\": {\"fields\": [\"Image\", \"Properties\"]}}]"}}, {"model": "admin.logentry", "pk": 71, "fields": {"action_time": "2021-10-24T16:27:05.878", "user": 1, "content_type": 8, "object_id": "5", "object_repr": "Частные интерьеры", "action_flag": 2, "change_message": "[{\"changed\": {\"fields\": [\"Image\", \"Properties\"]}}]"}}, {"model": "admin.logentry", "pk": 72, "fields": {"action_time": "2021-10-24T16:27:15.502", "user": 1, "content_type": 8, "object_id": "4", "object_repr": "Торговые центры", "action_flag": 2, "change_message": "[{\"changed\": {\"fields\": [\"Image\", \"Properties\"]}}]"}}, {"model": "admin.logentry", "pk": 73, "fields": {"action_time": "2021-10-24T16:27:55.394", "user": 1, "content_type": 8, "object_id": "2", "object_repr": "Спортивные сооружения", "action_flag": 2, "change_message": "[{\"changed\": {\"fields\": [\"Image\", \"Properties\"]}}]"}}, {"model": "admin.logentry", "pk": 74, "fields": {"action_time": "2021-10-24T16:28:03.299", "user": 1, "content_type": 8, "object_id": "1", "object_repr": "В больницах", "action_flag": 2, "change_message": "[{\"changed\": {\"fields\": [\"Image\", \"Properties\"]}}]"}}, {"model": "admin.logentry", "pk": 75, "fields": {"action_time": "2021-10-24T16:37:08.614", "user": 1, "content_type": 13, "object_id": "1", "object_repr": "Image object (1)", "action_flag": 1, "change_message": "[{\"added\": {}}]"}}, {"model": "admin.logentry", "pk": 76, "fields": {"action_time": "2021-10-24T16:41:14.336", "user": 1, "content_type": 13, "object_id": "1", "object_repr": "Image object (1)", "action_flag": 3, "change_message": ""}}, {"model": "admin.logentry", "pk": 77, "fields": {"action_time": "2021-10-24T16:41:21.094", "user": 1, "content_type": 13, "object_id": "2", "object_repr": "Image object (2)", "action_flag": 1, "change_message": "[{\"added\": {}}]"}}, {"model": "admin.logentry", "pk": 78, "fields": {"action_time": "2021-10-24T16:41:25.012", "user": 1, "content_type": 13, "object_id": "3", "object_repr": "Image object (3)", "action_flag": 1, "change_message": "[{\"added\": {}}]"}}, {"model": "admin.logentry", "pk": 79, "fields": {"action_time": "2021-10-24T16:41:29.204", "user": 1, "content_type": 13, "object_id": "4", "object_repr": "Image object (4)", "action_flag": 1, "change_message": "[{\"added\": {}}]"}}, {"model": "admin.logentry", "pk": 80, "fields": {"action_time": "2021-10-24T16:41:33.032", "user": 1, "content_type": 13, "object_id": "5", "object_repr": "Image object (5)", "action_flag": 1, "change_message": "[{\"added\": {}}]"}}, {"model": "admin.logentry", "pk": 81, "fields": {"action_time": "2021-10-24T16:41:37.258", "user": 1, "content_type": 13, "object_id": "6", "object_repr": "Image object (6)", "action_flag": 1, "change_message": "[{\"added\": {}}]"}}, {"model": "admin.logentry", "pk": 82, "fields": {"action_time": "2021-10-24T16:41:41.594", "user": 1, "content_type": 13, "object_id": "7", "object_repr": "Image object (7)", "action_flag": 1, "change_message": "[{\"added\": {}}]"}}, {"model": "admin.logentry", "pk": 83, "fields": {"action_time": "2021-10-24T16:44:23.938", "user": 1, "content_type": 13, "object_id": "7", "object_repr": "Image", "action_flag": 2, "change_message": "[{\"changed\": {\"fields\": [\"Name\"]}}]"}}, {"model": "admin.logentry", "pk": 84, "fields": {"action_time": "2021-10-24T16:44:48.823", "user": 1, "content_type": 13, "object_id": "6", "object_repr": "Image", "action_flag": 2, "change_message": "[{\"changed\": {\"fields\": [\"Name\"]}}]"}}, {"model": "admin.logentry", "pk": 85, "fields": {"action_time": "2021-10-24T16:45:17.385", "user": 1, "content_type": 13, "object_id": "6", "object_repr": "Image", "action_flag": 2, "change_message": "[{\"changed\": {\"fields\": [\"Name\"]}}]"}}, {"model": "admin.logentry", "pk": 86, "fields": {"action_time": "2021-10-24T16:45:25.088", "user": 1, "content_type": 13, "object_id": "7", "object_repr": "Image", "action_flag": 2, "change_message": "[{\"changed\": {\"fields\": [\"Name\"]}}]"}}, {"model": "admin.logentry", "pk": 87, "fields": {"action_time": "2021-10-24T16:45:28.808", "user": 1, "content_type": 13, "object_id": "7", "object_repr": "Image", "action_flag": 2, "change_message": "[]"}}, {"model": "admin.logentry", "pk": 88, "fields": {"action_time": "2021-10-24T16:45:31.882", "user": 1, "content_type": 13, "object_id": "6", "object_repr": "Image", "action_flag": 2, "change_message": "[]"}}, {"model": "admin.logentry", "pk": 89, "fields": {"action_time": "2021-10-24T16:45:34.847", "user": 1, "content_type": 13, "object_id": "5", "object_repr": "Image", "action_flag": 2, "change_message": "[{\"changed\": {\"fields\": [\"Name\"]}}]"}}, {"model": "admin.logentry", "pk": 90, "fields": {"action_time": "2021-10-24T16:45:37.797", "user": 1, "content_type": 13, "object_id": "5", "object_repr": "Image", "action_flag": 2, "change_message": "[]"}}, {"model": "admin.logentry", "pk": 91, "fields": {"action_time": "2021-10-24T16:45:41.346", "user": 1, "content_type": 13, "object_id": "4", "object_repr": "Image", "action_flag": 2, "change_message": "[{\"changed\": {\"fields\": [\"Name\"]}}]"}}, {"model": "admin.logentry", "pk": 92, "fields": {"action_time": "2021-10-24T16:45:44.127", "user": 1, "content_type": 13, "object_id": "3", "object_repr": "Image", "action_flag": 2, "change_message": "[{\"changed\": {\"fields\": [\"Name\"]}}]"}}, {"model": "admin.logentry", "pk": 93, "fields": {"action_time": "2021-10-24T16:45:47.036", "user": 1, "content_type": 13, "object_id": "2", "object_repr": "Image", "action_flag": 2, "change_message": "[{\"changed\": {\"fields\": [\"Name\"]}}]"}}, {"model": "admin.logentry", "pk": 94, "fields": {"action_time": "2021-10-24T16:46:11.586", "user": 1, "content_type": 7, "object_id": "1", "object_repr": "Rico Flex", "action_flag": 2, "change_message": "[{\"changed\": {\"fields\": [\"Image\"]}}]"}}, {"model": "admin.logentry", "pk": 95, "fields": {"action_time": "2021-10-24T17:13:13.772", "user": 1, "content_type": 13, "object_id": "8", "object_repr": "object-server", "action_flag": 1, "change_message": "[{\"added\": {}}]"}}, {"model": "admin.logentry", "pk": 96, "fields": {"action_time": "2021-10-24T17:13:19.921", "user": 1, "content_type": 13, "object_id": "9", "object_repr": "object-server", "action_flag": 1, "change_message": "[{\"added\": {}}]"}}, {"model": "admin.logentry", "pk": 97, "fields": {"action_time": "2021-10-24T17:13:26.419", "user": 1, "content_type": 13, "object_id": "10", "object_repr": "object-server", "action_flag": 1, "change_message": "[{\"added\": {}}]"}}, {"model": "admin.logentry", "pk": 98, "fields": {"action_time": "2021-10-24T17:13:31.535", "user": 1, "content_type": 13, "object_id": "11", "object_repr": "object-server", "action_flag": 1, "change_message": "[{\"added\": {}}]"}}, {"model": "admin.logentry", "pk": 99, "fields": {"action_time": "2021-10-24T17:13:36.070", "user": 1, "content_type": 13, "object_id": "12", "object_repr": "object-server", "action_flag": 1, "change_message": "[{\"added\": {}}]"}}, {"model": "admin.logentry", "pk": 100, "fields": {"action_time": "2021-10-24T17:14:15.046", "user": 1, "content_type": 7, "object_id": "2", "object_repr": "Объект - серверная.", "action_flag": 2, "change_message": "[{\"changed\": {\"fields\": [\"Image\"]}}]"}}, {"model": "admin.logentry", "pk": 101, "fields": {"action_time": "2021-10-24T17:23:35.680", "user": 1, "content_type": 13, "object_id": "13", "object_repr": "decotilepvx", "action_flag": 1, "change_message": "[{\"added\": {}}]"}}, {"model": "admin.logentry", "pk": 102, "fields": {"action_time": "2021-10-24T17:23:41.347", "user": 1, "content_type": 13, "object_id": "14", "object_repr": "decotilepvx", "action_flag": 1, "change_message": "[{\"added\": {}}]"}}, {"model": "admin.logentry", "pk": 103, "fields": {"action_time": "2021-10-24T17:23:46.186", "user": 1, "content_type": 13, "object_id": "15", "object_repr": "decotilepvx", "action_flag": 1, "change_message": "[{\"added\": {}}]"}}, {"model": "admin.logentry", "pk": 104, "fields": {"action_time": "2021-10-24T17:23:51.143", "user": 1, "content_type": 13, "object_id": "16", "object_repr": "decotilepvx", "action_flag": 1, "change_message": "[{\"added\": {}}]"}}, {"model": "admin.logentry", "pk": 105, "fields": {"action_time": "2021-10-24T17:23:55.885", "user": 1, "content_type": 13, "object_id": "17", "object_repr": "decotilepvx", "action_flag": 1, "change_message": "[{\"added\": {}}]"}}, {"model": "admin.logentry", "pk": 106, "fields": {"action_time": "2021-10-24T17:24:00.825", "user": 1, "content_type": 13, "object_id": "18", "object_repr": "decotilepvx", "action_flag": 1, "change_message": "[{\"added\": {}}]"}}, {"model": "admin.logentry", "pk": 107, "fields": {"action_time": "2021-10-24T17:24:06.980", "user": 1, "content_type": 13, "object_id": "19", "object_repr": "decotilepvx", "action_flag": 1, "change_message": "[{\"added\": {}}]"}}, {"model": "admin.logentry", "pk": 108, "fields": {"action_time": "2021-10-24T17:24:11.724", "user": 1, "content_type": 13, "object_id": "20", "object_repr": "decotilepvx", "action_flag": 1, "change_message": "[{\"added\": {}}]"}}, {"model": "admin.logentry", "pk": 109, "fields": {"action_time": "2021-10-24T17:24:17.717", "user": 1, "content_type": 13, "object_id": "21", "object_repr": "decotilepvx", "action_flag": 1, "change_message": "[{\"added\": {}}]"}}, {"model": "admin.logentry", "pk": 110, "fields": {"action_time": "2021-10-24T17:24:22.852", "user": 1, "content_type": 13, "object_id": "22", "object_repr": "decotilepvx", "action_flag": 1, "change_message": "[{\"added\": {}}]"}}, {"model": "admin.logentry", "pk": 111, "fields": {"action_time": "2021-10-24T17:24:27.940", "user": 1, "content_type": 13, "object_id": "23", "object_repr": "decotilepvx", "action_flag": 1, "change_message": "[{\"added\": {}}]"}}, {"model": "admin.logentry", "pk": 112, "fields": {"action_time": "2021-10-24T17:24:50.531", "user": 1, "content_type": 7, "object_id": "3", "object_repr": "DECOTILE PVX", "action_flag": 2, "change_message": "[{\"changed\": {\"fields\": [\"Image\"]}}]"}}, {"model": "admin.logentry", "pk": 113, "fields": {"action_time": "2021-10-24T17:32:32.296", "user": 1, "content_type": 7, "object_id": "12", "object_repr": "BOGER", "action_flag": 3, "change_message": ""}}, {"model": "admin.logentry", "pk": 114, "fields": {"action_time": "2021-10-24T17:32:32.298", "user": 1, "content_type": 7, "object_id": "6", "object_repr": "BOGER", "action_flag": 3, "change_message": ""}}, {"model": "admin.logentry", "pk": 115, "fields": {"action_time": "2021-10-24T17:32:32.299", "user": 1, "content_type": 7, "object_id": "5", "object_repr": "Bright", "action_flag": 3, "change_message": ""}}, {"model": "admin.logentry", "pk": 116, "fields": {"action_time": "2021-10-24T17:32:32.300", "user": 1, "content_type": 7, "object_id": "3", "object_repr": "DECOTILE PVX", "action_flag": 3, "change_message": ""}}, {"model": "admin.logentry", "pk": 117, "fields": {"action_time": "2021-10-24T17:32:47.486", "user": 1, "content_type": 13, "object_id": "23", "object_repr": "decotilepvx", "action_flag": 3, "change_message": ""}}, {"model": "admin.logentry", "pk": 118, "fields": {"action_time": "2021-10-24T17:32:47.488", "user": 1, "content_type": 13, "object_id": "22", "object_repr": "decotilepvx", "action_flag": 3, "change_message": ""}}, {"model": "admin.logentry", "pk": 119, "fields": {"action_time": "2021-10-24T17:32:47.490", "user": 1, "content_type": 13, "object_id": "21", "object_repr": "decotilepvx", "action_flag": 3, "change_message": ""}}, {"model": "admin.logentry", "pk": 120, "fields": {"action_time": "2021-10-24T17:32:47.493", "user": 1, "content_type": 13, "object_id": "20", "object_repr": "decotilepvx", "action_flag": 3, "change_message": ""}}, {"model": "admin.logentry", "pk": 121, "fields": {"action_time": "2021-10-24T17:32:47.495", "user": 1, "content_type": 13, "object_id": "19", "object_repr": "decotilepvx", "action_flag": 3, "change_message": ""}}, {"model": "admin.logentry", "pk": 122, "fields": {"action_time": "2021-10-24T17:32:47.496", "user": 1, "content_type": 13, "object_id": "18", "object_repr": "decotilepvx", "action_flag": 3, "change_message": ""}}, {"model": "admin.logentry", "pk": 123, "fields": {"action_time": "2021-10-24T17:32:47.499", "user": 1, "content_type": 13, "object_id": "17", "object_repr": "decotilepvx", "action_flag": 3, "change_message": ""}}, {"model": "admin.logentry", "pk": 124, "fields": {"action_time": "2021-10-24T17:32:47.502", "user": 1, "content_type": 13, "object_id": "16", "object_repr": "decotilepvx", "action_flag": 3, "change_message": ""}}, {"model": "admin.logentry", "pk": 125, "fields": {"action_time": "2021-10-24T17:32:47.503", "user": 1, "content_type": 13, "object_id": "15", "object_repr": "decotilepvx", "action_flag": 3, "change_message": ""}}, {"model": "admin.logentry", "pk": 126, "fields": {"action_time": "2021-10-24T17:32:47.505", "user": 1, "content_type": 13, "object_id": "14", "object_repr": "decotilepvx", "action_flag": 3, "change_message": ""}}, {"model": "admin.logentry", "pk": 127, "fields": {"action_time": "2021-10-24T17:32:47.508", "user": 1, "content_type": 13, "object_id": "13", "object_repr": "decotilepvx", "action_flag": 3, "change_message": ""}}, {"model": "admin.logentry", "pk": 128, "fields": {"action_time": "2021-10-24T17:42:48.584", "user": 1, "content_type": 13, "object_id": "24", "object_repr": "xolodsvarka", "action_flag": 1, "change_message": "[{\"added\": {}}]"}}, {"model": "admin.logentry", "pk": 129, "fields": {"action_time": "2021-10-24T17:42:54.166", "user": 1, "content_type": 13, "object_id": "25", "object_repr": "xolodsvarka", "action_flag": 1, "change_message": "[{\"added\": {}}]"}}, {"model": "admin.logentry", "pk": 130, "fields": {"action_time": "2021-10-24T17:42:58.979", "user": 1, "content_type": 13, "object_id": "26", "object_repr": "xolodsvarka", "action_flag": 1, "change_message": "[{\"added\": {}}]"}}, {"model": "admin.logentry", "pk": 131, "fields": {"action_time": "2021-10-24T17:43:05.580", "user": 1, "content_type": 13, "object_id": "27", "object_repr": "xolodsvarka", "action_flag": 1, "change_message": "[{\"added\": {}}]"}}, {"model": "admin.logentry", "pk": 132, "fields": {"action_time": "2021-10-24T17:43:21.378", "user": 1, "content_type": 7, "object_id": "13", "object_repr": "Холодная сварка", "action_flag": 2, "change_message": "[{\"changed\": {\"fields\": [\"Image\"]}}]"}}, {"model": "admin.logentry", "pk": 133, "fields": {"action_time": "2021-10-24T17:46:51.413", "user": 1, "content_type": 13, "object_id": "28", "object_repr": "homakol", "action_flag": 1, "change_message": "[{\"added\": {}}]"}}, {"model": "admin.logentry", "pk": 134, "fields": {"action_time": "2021-10-24T17:46:56.613", "user": 1, "content_type": 13, "object_id": "29", "object_repr": "homakol", "action_flag": 1, "change_message": "[{\"added\": {}}]"}}, {"model": "admin.logentry", "pk": 135, "fields": {"action_time": "2021-10-24T17:47:01.180", "user": 1, "content_type": 13, "object_id": "30", "object_repr": "homakol", "action_flag": 1, "change_message": "[{\"added\": {}}]"}}, {"model": "admin.logentry", "pk": 136, "fields": {"action_time": "2021-10-24T17:47:06.067", "user": 1, "content_type": 13, "object_id": "31", "object_repr": "homakol", "action_flag": 1, "change_message": "[{\"added\": {}}]"}}, {"model": "admin.logentry", "pk": 137, "fields": {"action_time": "2021-10-24T17:47:33.888", "user": 1, "content_type": 7, "object_id": "7", "object_repr": "HOMAKOLL", "action_flag": 2, "change_message": "[{\"changed\": {\"fields\": [\"Image\"]}}]"}}, {"model": "admin.logentry", "pk": 138, "fields": {"action_time": "2021-10-24T17:47:53.525", "user": 1, "content_type": 7, "object_id": "2", "object_repr": "Объект - серверная.", "action_flag": 2, "change_message": "[]"}}, {"model": "admin.logentry", "pk": 139, "fields": {"action_time": "2021-10-24T17:51:28.022", "user": 1, "content_type": 13, "object_id": "32", "object_repr": "plintus", "action_flag": 1, "change_message": "[{\"added\": {}}]"}}, {"model": "admin.logentry", "pk": 140, "fields": {"action_time": "2021-10-24T17:51:32.624", "user": 1, "content_type": 13, "object_id": "33", "object_repr": "plintus", "action_flag": 1, "change_message": "[{\"added\": {}}]"}}, {"model": "admin.logentry", "pk": 141, "fields": {"action_time": "2021-10-24T17:51:37.618", "user": 1, "content_type": 13, "object_id": "34", "object_repr": "plintus", "action_flag": 1, "change_message": "[{\"added\": {}}]"}}, {"model": "admin.logentry", "pk": 142, "fields": {"action_time": "2021-10-24T17:51:43.084", "user": 1, "content_type": 13, "object_id": "35", "object_repr": "plintus", "action_flag": 1, "change_message": "[{\"added\": {}}]"}}, {"model": "admin.logentry", "pk": 143, "fields": {"action_time": "2021-10-24T17:51:58.903", "user": 1, "content_type": 7, "object_id": "9", "object_repr": "Медицинский плинтус", "action_flag": 2, "change_message": "[{\"changed\": {\"fields\": [\"Image\"]}}]"}}, {"model": "admin.logentry", "pk": 144, "fields": {"action_time": "2021-10-24T17:52:56.943", "user": 1, "content_type": 7, "object_id": "9", "object_repr": "Медицинский плинтус", "action_flag": 2, "change_message": "[]"}}, {"model": "admin.logentry", "pk": 145, "fields": {"action_time": "2021-10-24T17:56:02.410", "user": 1, "content_type": 13, "object_id": "36", "object_repr": "lgorigin", "action_flag": 1, "change_message": "[{\"added\": {}}]"}}, {"model": "admin.logentry", "pk": 146, "fields": {"action_time": "2021-10-24T17:56:07.614", "user": 1, "content_type": 13, "object_id": "37", "object_repr": "lgorigin", "action_flag": 1, "change_message": "[{\"added\": {}}]"}}, {"model": "admin.logentry", "pk": 147, "fields": {"action_time": "2021-10-24T17:56:19.756", "user": 1, "content_type": 7, "object_id": "10", "object_repr": "LG Origin", "action_flag": 2, "change_message": "[{\"changed\": {\"fields\": [\"Image\"]}}]"}}, {"model": "admin.logentry", "pk": 148, "fields": {"action_time": "2021-10-24T17:59:00.974", "user": 1, "content_type": 13, "object_id": "38", "object_repr": "lg-durable", "action_flag": 1, "change_message": "[{\"added\": {}}]"}}, {"model": "admin.logentry", "pk": 149, "fields": {"action_time": "2021-10-24T17:59:07.311", "user": 1, "content_type": 13, "object_id": "39", "object_repr": "lg-durable", "action_flag": 1, "change_message": "[{\"added\": {}}]"}}, {"model": "admin.logentry", "pk": 150, "fields": {"action_time": "2021-10-24T17:59:12.065", "user": 1, "content_type": 13, "object_id": "40", "object_repr": "lg-durable", "action_flag": 1, "change_message": "[{\"added\": {}}]"}}, {"model": "admin.logentry", "pk": 151, "fields": {"action_time": "2021-10-24T17:59:30.702", "user": 1, "content_type": 7, "object_id": "11", "object_repr": "LG Durable", "action_flag": 2, "change_message": "[{\"changed\": {\"fields\": [\"Image\"]}}]"}}, {"model": "admin.logentry", "pk": 152, "fields": {"action_time": "2021-10-24T18:02:04.986", "user": 1, "content_type": 7, "object_id": "8", "object_repr": "RioColor", "action_flag": 3, "change_message": ""}}, {"model": "admin.logentry", "pk": 153, "fields": {"action_time": "2021-10-24T18:04:15.783", "user": 1, "content_type": 13, "object_id": "41", "object_repr": "Ricocolor", "action_flag": 1, "change_message": "[{\"added\": {}}]"}}, {"model": "admin.logentry", "pk": 154, "fields": {"action_time": "2021-10-24T18:04:20.470", "user": 1, "content_type": 13, "object_id": "42", "object_repr": "Ricocolor", "action_flag": 1, "change_message": "[{\"added\": {}}]"}}, {"model": "admin.logentry", "pk": 155, "fields": {"action_time": "2021-10-24T18:04:25.100", "user": 1, "content_type": 13, "object_id": "43", "object_repr": "Ricocolor", "action_flag": 1, "change_message": "[{\"added\": {}}]"}}, {"model": "admin.logentry", "pk": 156, "fields": {"action_time": "2021-10-24T18:04:29.296", "user": 1, "content_type": 13, "object_id": "44", "object_repr": "Ricocolor", "action_flag": 1, "change_message": "[{\"added\": {}}]"}}, {"model": "admin.logentry", "pk": 157, "fields": {"action_time": "2021-10-24T18:04:38.055", "user": 1, "content_type": 7, "object_id": "4", "object_repr": "Rico Color", "action_flag": 2, "change_message": "[{\"changed\": {\"fields\": [\"Image\"]}}]"}}, {"model": "admin.logentry", "pk": 158, "fields": {"action_time": "2021-10-24T18:25:28.313", "user": 1, "content_type": 12, "object_id": "1", "object_repr": "Bright", "action_flag": 2, "change_message": "[{\"changed\": {\"fields\": [\"Content uz\", \"Products\"]}}]"}}, {"model": "admin.logentry", "pk": 159, "fields": {"action_time": "2021-10-24T18:25:47.445", "user": 1, "content_type": 8, "object_id": "1", "object_repr": "В больницах", "action_flag": 2, "change_message": "[]"}}, {"model": "admin.logentry", "pk": 160, "fields": {"action_time": "2021-10-24T18:29:18.422", "user": 1, "content_type": 9, "object_id": "13", "object_repr": "BR_91221-01-1", "action_flag": 2, "change_message": "[{\"changed\": {\"fields\": [\"Image\", \"Header\"]}}]"}}, {"model": "admin.logentry", "pk": 161, "fields": {"action_time": "2021-10-24T18:30:16.321", "user": 1, "content_type": 9, "object_id": "12", "object_repr": "BR_91222-01", "action_flag": 2, "change_message": "[{\"changed\": {\"fields\": [\"Image\", \"Header\"]}}]"}}, {"model": "admin.logentry", "pk": 162, "fields": {"action_time": "2021-10-24T18:30:27.009", "user": 1, "content_type": 9, "object_id": "13", "object_repr": "BR_91221-01", "action_flag": 2, "change_message": "[{\"changed\": {\"fields\": [\"Header\"]}}]"}}, {"model": "admin.logentry", "pk": 163, "fields": {"action_time": "2021-10-24T18:30:48.602", "user": 1, "content_type": 9, "object_id": "11", "object_repr": "BR_91223-01", "action_flag": 2, "change_message": "[{\"changed\": {\"fields\": [\"Image\", \"Header\"]}}]"}}, {"model": "admin.logentry", "pk": 164, "fields": {"action_time": "2021-10-24T18:31:12.172", "user": 1, "content_type": 9, "object_id": "10", "object_repr": "BR_91224-01", "action_flag": 2, "change_message": "[{\"changed\": {\"fields\": [\"Image\", \"Header\"]}}]"}}, {"model": "admin.logentry", "pk": 165, "fields": {"action_time": "2021-10-24T18:32:27.244", "user": 1, "content_type": 9, "object_id": "9", "object_repr": "BR_91225-01", "action_flag": 2, "change_message": "[{\"changed\": {\"fields\": [\"Image\", \"Header\"]}}]"}}, {"model": "admin.logentry", "pk": 166, "fields": {"action_time": "2021-10-24T18:32:44.912", "user": 1, "content_type": 9, "object_id": "8", "object_repr": "BR_91226-01", "action_flag": 2, "change_message": "[{\"changed\": {\"fields\": [\"Image\", \"Header\"]}}]"}}, {"model": "admin.logentry", "pk": 167, "fields": {"action_time": "2021-10-24T18:33:47.325", "user": 1, "content_type": 9, "object_id": "7", "object_repr": "BR_91228-01", "action_flag": 2, "change_message": "[{\"changed\": {\"fields\": [\"Image\"]}}]"}}, {"model": "admin.logentry", "pk": 168, "fields": {"action_time": "2021-10-24T18:34:21.291", "user": 1, "content_type": 9, "object_id": "6", "object_repr": "BR_91229-01", "action_flag": 2, "change_message": "[{\"changed\": {\"fields\": [\"Image\", \"Header\"]}}]"}}, {"model": "admin.logentry", "pk": 169, "fields": {"action_time": "2021-10-24T18:34:59.982", "user": 1, "content_type": 9, "object_id": "5", "object_repr": "BR_91202-01", "action_flag": 2, "change_message": "[{\"changed\": {\"fields\": [\"Image\", \"Header\"]}}]"}}, {"model": "admin.logentry", "pk": 170, "fields": {"action_time": "2021-10-24T18:35:19.763", "user": 1, "content_type": 9, "object_id": "4", "object_repr": "BR_91203-01", "action_flag": 2, "change_message": "[{\"changed\": {\"fields\": [\"Image\", \"Header\"]}}]"}}, {"model": "admin.logentry", "pk": 171, "fields": {"action_time": "2021-10-24T18:35:51.749", "user": 1, "content_type": 9, "object_id": "3", "object_repr": "BR_91304-01", "action_flag": 2, "change_message": "[{\"changed\": {\"fields\": [\"Image\", \"Header\"]}}]"}}, {"model": "admin.logentry", "pk": 172, "fields": {"action_time": "2021-10-24T18:36:47.451", "user": 1, "content_type": 9, "object_id": "2", "object_repr": "BR_92305-01", "action_flag": 2, "change_message": "[{\"changed\": {\"fields\": [\"Image\", \"Header\"]}}]"}}, {"model": "admin.logentry", "pk": 173, "fields": {"action_time": "2021-10-24T18:37:10.693", "user": 1, "content_type": 9, "object_id": "5", "object_repr": "BR_92202-01", "action_flag": 2, "change_message": "[{\"changed\": {\"fields\": [\"Header\"]}}]"}}, {"model": "admin.logentry", "pk": 174, "fields": {"action_time": "2021-10-24T18:37:40.784", "user": 1, "content_type": 9, "object_id": "4", "object_repr": "BR_92203-01", "action_flag": 2, "change_message": "[{\"changed\": {\"fields\": [\"Header\"]}}]"}}, {"model": "admin.logentry", "pk": 175, "fields": {"action_time": "2021-10-24T18:37:49.223", "user": 1, "content_type": 9, "object_id": "4", "object_repr": "BR_92203-01", "action_flag": 2, "change_message": "[]"}}, {"model": "admin.logentry", "pk": 176, "fields": {"action_time": "2021-10-24T18:37:59.844", "user": 1, "content_type": 9, "object_id": "3", "object_repr": "BR_92304-01", "action_flag": 2, "change_message": "[{\"changed\": {\"fields\": [\"Header\"]}}]"}}, {"model": "admin.logentry", "pk": 177, "fields": {"action_time": "2021-10-24T18:38:04.625", "user": 1, "content_type": 9, "object_id": "2", "object_repr": "BR_92305-01", "action_flag": 2, "change_message": "[]"}}, {"model": "admin.logentry", "pk": 178, "fields": {"action_time": "2021-10-24T18:38:28.003", "user": 1, "content_type": 9, "object_id": "1", "object_repr": "BR_92306-01", "action_flag": 2, "change_message": "[{\"changed\": {\"fields\": [\"Image\", \"Header\"]}}]"}}, {"model": "admin.logentry", "pk": 179, "fields": {"action_time": "2021-10-24T18:39:33.993", "user": 1, "content_type": 12, "object_id": "1", "object_repr": "Bright", "action_flag": 2, "change_message": "[]"}}, {"model": "admin.logentry", "pk": 180, "fields": {"action_time": "2021-10-24T18:41:16.114", "user": 1, "content_type": 9, "object_id": "16", "object_repr": "DU_90001-01", "action_flag": 1, "change_message": "[{\"added\": {}}]"}}, {"model": "admin.logentry", "pk": 181, "fields": {"action_time": "2021-10-24T18:41:29.757", "user": 1, "content_type": 9, "object_id": "17", "object_repr": "DU_90002-01", "action_flag": 1, "change_message": "[{\"added\": {}}]"}}, {"model": "admin.logentry", "pk": 182, "fields": {"action_time": "2021-10-24T18:41:58.466", "user": 1, "content_type": 9, "object_id": "18", "object_repr": "DU_90004-01", "action_flag": 1, "change_message": "[{\"added\": {}}]"}}, {"model": "admin.logentry", "pk": 183, "fields": {"action_time": "2021-10-24T18:42:13.452", "user": 1, "content_type": 9, "object_id": "19", "object_repr": "DU_90006-01", "action_flag": 1, "change_message": "[{\"added\": {}}]"}}, {"model": "admin.logentry", "pk": 184, "fields": {"action_time": "2021-10-24T18:42:53.834", "user": 1, "content_type": 9, "object_id": "20", "object_repr": "DU_90015", "action_flag": 1, "change_message": "[{\"added\": {}}]"}}, {"model": "admin.logentry", "pk": 185, "fields": {"action_time": "2021-10-24T18:43:25.388", "user": 1, "content_type": 9, "object_id": "21", "object_repr": "DU_90016", "action_flag": 1, "change_message": "[{\"added\": {}}]"}}, {"model": "admin.logentry", "pk": 186, "fields": {"action_time": "2021-10-24T18:43:50.735", "user": 1, "content_type": 9, "object_id": "22", "object_repr": "DU_90020", "action_flag": 1, "change_message": "[{\"added\": {}}]"}}, {"model": "admin.logentry", "pk": 187, "fields": {"action_time": "2021-10-24T18:44:09.773", "user": 1, "content_type": 9, "object_id": "23", "object_repr": "DU_90021", "action_flag": 1, "change_message": "[{\"added\": {}}]"}}, {"model": "admin.logentry", "pk": 188, "fields": {"action_time": "2021-10-24T18:44:22.844", "user": 1, "content_type": 9, "object_id": "24", "object_repr": "DU_90024", "action_flag": 1, "change_message": "[{\"added\": {}}]"}}, {"model": "admin.logentry", "pk": 189, "fields": {"action_time": "2021-10-24T18:45:07.993", "user": 1, "content_type": 9, "object_id": "25", "object_repr": "DU_99916", "action_flag": 1, "change_message": "[{\"added\": {}}]"}}, {"model": "admin.logentry", "pk": 190, "fields": {"action_time": "2021-10-24T18:46:01.590", "user": 1, "content_type": 12, "object_id": "2", "object_repr": "Durable", "action_flag": 1, "change_message": "[{\"added\": {}}]"}}, {"model": "admin.logentry", "pk": 191, "fields": {"action_time": "2021-10-24T18:47:32.671", "user": 1, "content_type": 9, "object_id": "26", "object_repr": "SMU_4201", "action_flag": 1, "change_message": "[{\"added\": {}}]"}}, {"model": "admin.logentry", "pk": 192, "fields": {"action_time": "2021-10-24T18:47:43.838", "user": 1, "content_type": 9, "object_id": "27", "object_repr": "SMU_4205", "action_flag": 1, "change_message": "[{\"added\": {}}]"}}, {"model": "admin.logentry", "pk": 193, "fields": {"action_time": "2021-10-24T18:47:51.048", "user": 1, "content_type": 9, "object_id": "28", "object_repr": "SMU_4207", "action_flag": 1, "change_message": "[{\"added\": {}}]"}}, {"model": "admin.logentry", "pk": 194, "fields": {"action_time": "2021-10-24T18:47:58.129", "user": 1, "content_type": 9, "object_id": "29", "object_repr": "SMU_4208", "action_flag": 1, "change_message": "[{\"added\": {}}]"}}, {"model": "admin.logentry", "pk": 195, "fields": {"action_time": "2021-10-24T18:48:57.784", "user": 1, "content_type": 12, "object_id": "3", "object_repr": "Medistep Unite", "action_flag": 1, "change_message": "[{\"added\": {}}]"}}, {"model": "admin.logentry", "pk": 196, "fields": {"action_time": "2021-10-24T18:49:41.492", "user": 1, "content_type": 9, "object_id": "30", "object_repr": "SOC 3201", "action_flag": 1, "change_message": "[{\"added\": {}}]"}}, {"model": "admin.logentry", "pk": 197, "fields": {"action_time": "2021-10-24T18:50:26.414", "user": 1, "content_type": 12, "object_id": "4", "object_repr": "Origin Conductive", "action_flag": 1, "change_message": "[{\"added\": {}}]"}}, {"model": "admin.logentry", "pk": 198, "fields": {"action_time": "2021-10-24T19:53:53.855", "user": 1, "content_type": 8, "object_id": "1", "object_repr": "В больницах", "action_flag": 2, "change_message": "[{\"changed\": {\"fields\": [\"Properties\"]}}]"}}, {"model": "admin.logentry", "pk": 199, "fields": {"action_time": "2021-10-24T19:54:34.169", "user": 1, "content_type": 8, "object_id": "1", "object_repr": "В больницах", "action_flag": 2, "change_message": "[{\"changed\": {\"fields\": [\"Properties\"]}}]"}}, {"model": "auth.permission", "pk": 1, "fields": {"name": "Can add log entry", "content_type": 1, "codename": "add_logentry"}}, {"model": "auth.permission", "pk": 2, "fields": {"name": "Can change log entry", "content_type": 1, "codename": "change_logentry"}}, {"model": "auth.permission", "pk": 3, "fields": {"name": "Can delete log entry", "content_type": 1, "codename": "delete_logentry"}}, {"model": "auth.permission", "pk": 4, "fields": {"name": "Can view log entry", "content_type": 1, "codename": "view_logentry"}}, {"model": "auth.permission", "pk": 5, "fields": {"name": "Can add permission", "content_type": 2, "codename": "add_permission"}}, {"model": "auth.permission", "pk": 6, "fields": {"name": "Can change permission", "content_type": 2, "codename": "change_permission"}}, {"model": "auth.permission", "pk": 7, "fields": {"name": "Can delete permission", "content_type": 2, "codename": "delete_permission"}}, {"model": "auth.permission", "pk": 8, "fields": {"name": "Can view permission", "content_type": 2, "codename": "view_permission"}}, {"model": "auth.permission", "pk": 9, "fields": {"name": "Can add group", "content_type": 3, "codename": "add_group"}}, {"model": "auth.permission", "pk": 10, "fields": {"name": "Can change group", "content_type": 3, "codename": "change_group"}}, {"model": "auth.permission", "pk": 11, "fields": {"name": "Can delete group", "content_type": 3, "codename": "delete_group"}}, {"model": "auth.permission", "pk": 12, "fields": {"name": "Can view group", "content_type": 3, "codename": "view_group"}}, {"model": "auth.permission", "pk": 13, "fields": {"name": "Can add user", "content_type": 4, "codename": "add_user"}}, {"model": "auth.permission", "pk": 14, "fields": {"name": "Can change user", "content_type": 4, "codename": "change_user"}}, {"model": "auth.permission", "pk": 15, "fields": {"name": "Can delete user", "content_type": 4, "codename": "delete_user"}}, {"model": "auth.permission", "pk": 16, "fields": {"name": "Can view user", "content_type": 4, "codename": "view_user"}}, {"model": "auth.permission", "pk": 17, "fields": {"name": "Can add content type", "content_type": 5, "codename": "add_contenttype"}}, {"model": "auth.permission", "pk": 18, "fields": {"name": "Can change content type", "content_type": 5, "codename": "change_contenttype"}}, {"model": "auth.permission", "pk": 19, "fields": {"name": "Can delete content type", "content_type": 5, "codename": "delete_contenttype"}}, {"model": "auth.permission", "pk": 20, "fields": {"name": "Can view content type", "content_type": 5, "codename": "view_contenttype"}}, {"model": "auth.permission", "pk": 21, "fields": {"name": "Can add session", "content_type": 6, "codename": "add_session"}}, {"model": "auth.permission", "pk": 22, "fields": {"name": "Can change session", "content_type": 6, "codename": "change_session"}}, {"model": "auth.permission", "pk": 23, "fields": {"name": "Can delete session", "content_type": 6, "codename": "delete_session"}}, {"model": "auth.permission", "pk": 24, "fields": {"name": "Can view session", "content_type": 6, "codename": "view_session"}}, {"model": "auth.permission", "pk": 25, "fields": {"name": "Can add post", "content_type": 7, "codename": "add_post"}}, {"model": "auth.permission", "pk": 26, "fields": {"name": "Can change post", "content_type": 7, "codename": "change_post"}}, {"model": "auth.permission", "pk": 27, "fields": {"name": "Can delete post", "content_type": 7, "codename": "delete_post"}}, {"model": "auth.permission", "pk": 28, "fields": {"name": "Can view post", "content_type": 7, "codename": "view_post"}}, {"model": "auth.permission", "pk": 29, "fields": {"name": "Can add category", "content_type": 8, "codename": "add_category"}}, {"model": "auth.permission", "pk": 30, "fields": {"name": "Can change category", "content_type": 8, "codename": "change_category"}}, {"model": "auth.permission", "pk": 31, "fields": {"name": "Can delete category", "content_type": 8, "codename": "delete_category"}}, {"model": "auth.permission", "pk": 32, "fields": {"name": "Can view category", "content_type": 8, "codename": "view_category"}}, {"model": "auth.permission", "pk": 33, "fields": {"name": "Can add relen", "content_type": 9, "codename": "add_relen"}}, {"model": "auth.permission", "pk": 34, "fields": {"name": "Can change relen", "content_type": 9, "codename": "change_relen"}}, {"model": "auth.permission", "pk": 35, "fields": {"name": "Can delete relen", "content_type": 9, "codename": "delete_relen"}}, {"model": "auth.permission", "pk": 36, "fields": {"name": "Can view relen", "content_type": 9, "codename": "view_relen"}}, {"model": "auth.permission", "pk": 37, "fields": {"name": "Can add ism", "content_type": 10, "codename": "add_ism"}}, {"model": "auth.permission", "pk": 38, "fields": {"name": "Can change ism", "content_type": 10, "codename": "change_ism"}}, {"model": "auth.permission", "pk": 39, "fields": {"name": "Can delete ism", "content_type": 10, "codename": "delete_ism"}}, {"model": "auth.permission", "pk": 40, "fields": {"name": "Can view ism", "content_type": 10, "codename": "view_ism"}}, {"model": "auth.permission", "pk": 41, "fields": {"name": "Can add post m", "content_type": 11, "codename": "add_postm"}}, {"model": "auth.permission", "pk": 42, "fields": {"name": "Can change post m", "content_type": 11, "codename": "change_postm"}}, {"model": "auth.permission", "pk": 43, "fields": {"name": "Can delete post m", "content_type": 11, "codename": "delete_postm"}}, {"model": "auth.permission", "pk": 44, "fields": {"name": "Can view post m", "content_type": 11, "codename": "view_postm"}}, {"model": "auth.permission", "pk": 45, "fields": {"name": "Can add properties", "content_type": 12, "codename": "add_properties"}}, {"model": "auth.permission", "pk": 46, "fields": {"name": "Can change properties", "content_type": 12, "codename": "change_properties"}}, {"model": "auth.permission", "pk": 47, "fields": {"name": "Can delete properties", "content_type": 12, "codename": "delete_properties"}}, {"model": "auth.permission", "pk": 48, "fields": {"name": "Can view properties", "content_type": 12, "codename": "view_properties"}}, {"model": "auth.permission", "pk": 49, "fields": {"name": "Can add image", "content_type": 13, "codename": "add_image"}}, {"model": "auth.permission", "pk": 50, "fields": {"name": "Can change image", "content_type": 13, "codename": "change_image"}}, {"model": "auth.permission", "pk": 51, "fields": {"name": "Can delete image", "content_type": 13, "codename": "delete_image"}}, {"model": "auth.permission", "pk": 52, "fields": {"name": "Can view image", "content_type": 13, "codename": "view_image"}}, {"model": "auth.user", "pk": 1, "fields": {"password": "pbkdf2_sha256$260000$AGMqrCcyj5FfOFq7Qbyf0x$JgChqyTIUTn/5DVmAhlYQp+XHLlyK/drGZ+W47rjfK4=", "last_login": "2021-10-24T15:31:31.784", "is_superuser": true, "username": "ismoil", "first_name": "", "last_name": "", "email": "ismoillmirabbosoff@gmail.com", "is_staff": true, "is_active": true, "date_joined": "2021-10-19T19:34:48", "groups": [], "user_permissions": []}}, {"model": "auth.user", "pk": 2, "fields": {"password": "pbkdf2_sha256$260000$276yrbtDHZ1j7FGCi6N8NJ$SJaLn3Wu3QRx10VHYAdtV0MZPHIvFH62oZ4pbJf3B6E=", "last_login": "2021-10-21T13:53:36.405", "is_superuser": true, "username": "admin", "first_name": "", "last_name": "", "email": "", "is_staff": true, "is_active": true, "date_joined": "2021-10-21T13:50:50", "groups": [], "user_permissions": [1, 2, 3, 4, 9, 10, 11, 12, 5, 6, 7, 8, 13, 14, 15, 16, 17, 18, 19, 20, 29, 30, 31, 32, 37, 38, 39, 40, 25, 26, 27, 28, 41, 42, 43, 44, 33, 34, 35, 36, 21, 22, 23, 24]}}, {"model": "contenttypes.contenttype", "pk": 1, "fields": {"app_label": "admin", "model": "logentry"}}, {"model": "contenttypes.contenttype", "pk": 2, "fields": {"app_label": "auth", "model": "permission"}}, {"model": "contenttypes.contenttype", "pk": 3, "fields": {"app_label": "auth", "model": "group"}}, {"model": "contenttypes.contenttype", "pk": 4, "fields": {"app_label": "auth", "model": "user"}}, {"model": "contenttypes.contenttype", "pk": 5, "fields": {"app_label": "contenttypes", "model": "contenttype"}}, {"model": "contenttypes.contenttype", "pk": 6, "fields": {"app_label": "sessions", "model": "session"}}, {"model": "contenttypes.contenttype", "pk": 7, "fields": {"app_label": "main", "model": "post"}}, {"model": "contenttypes.contenttype", "pk": 8, "fields": {"app_label": "main", "model": "category"}}, {"model": "contenttypes.contenttype", "pk": 9, "fields": {"app_label": "main", "model": "relen"}}, {"model": "contenttypes.contenttype", "pk": 10, "fields": {"app_label": "main", "model": "ism"}}, {"model": "contenttypes.contenttype", "pk": 11, "fields": {"app_label": "main", "model": "postm"}}, {"model": "contenttypes.contenttype", "pk": 12, "fields": {"app_label": "main", "model": "properties"}}, {"model": "contenttypes.contenttype", "pk": 13, "fields": {"app_label": "main", "model": "image"}}, {"model": "sessions.session", "pk": "1gbwab05a5thvzjcwoeil1wk7fhyfdt2", "fields": {"session_data": ".eJxVjMsOwiAQRf-FtSEMWB4u3fcbyDADUjU0Ke3K-O_apAvd3nPOfYmI21rj1vMSJxYXAeL0uyWkR2474Du22yxpbusyJbkr8qBdjjPn5_Vw_w4q9vqtEb0foBgCSMU5tFRMYs7EQTujFRIMvgR_9kmD08pYYzOjKo5DUE6J9wf2ZTfS:1mdU0j:5y_FKdbFtiylm_bGQ91aWnK2R7x5m3j5UpHP8iERYHk", "expire_date": "2021-11-04T14:05:17.797"}}, {"model": "sessions.session", "pk": "4akogghtden49x3bl11fbhyy93fya2nw", "fields": {"session_data": ".eJxVjMsOwiAQRf-FtSEMWB4u3fcbyDADUjU0Ke3K-O_apAvd3nPOfYmI21rj1vMSJxYXAeL0uyWkR2474Du22yxpbusyJbkr8qBdjjPn5_Vw_w4q9vqtEb0foBgCSMU5tFRMYs7EQTujFRIMvgR_9kmD08pYYzOjKo5DUE6J9wf2ZTfS:1mdFLg:97M8XyEeBJbunXH5IKJzPqrde8_U4MPDOJ_bklaMTRk", "expire_date": "2021-11-03T22:25:56.585"}}, {"model": "sessions.session", "pk": "okl1nu07y5cwozyg2vt49mu83hffam43", "fields": {"session_data": ".eJxVjDEOwjAMRe-SGUWJIYnLyM4ZKseOSQG1UtNOiLtDpQ6w_vfef5me1qX2aytzP4g5GzCH3y0TP8q4AbnTeJssT-MyD9luit1ps9dJyvOyu38HlVr91sSdk8gZA4iKS5RY-QgFuaTgEEkVnSYfNXjIEXNBAUAIncYTRW_eHwjgOEY:1mdTpQ:eNUlGRfir_DxczYgbK6fzuxDgGp4wStq1c-7zuBW2bk", "expire_date": "2021-11-04T13:53:36.409"}}, {"model": "sessions.session", "pk": "oqroarsebpt59tf4ztvh2rzksgso2igh", "fields": {"session_data": ".eJxVjMsOwiAQRf-FtSEMWB4u3fcbyDADUjU0Ke3K-O_apAvd3nPOfYmI21rj1vMSJxYXAeL0uyWkR2474Du22yxpbusyJbkr8qBdjjPn5_Vw_w4q9vqtEb0foBgCSMU5tFRMYs7EQTujFRIMvgR_9kmD08pYYzOjKo5DUE6J9wf2ZTfS:1meamp:H43TB-Zdt8u4ObxEixf2cRKJtaYeexYGMd7gYIqv3EU", "expire_date": "2021-11-07T15:31:31.788"}}, {"model": "main.category", "pk": 1, "fields": {"name_uz": "Tibbiy muassasalar", "name_ru": "В больницах", "image": "Categories/hospital_csq9WyR.jpg", "danger": "", "properties": [1, 2, 3, 4]}}, {"model": "main.category", "pk": 2, "fields": {"name_uz": "Sport ob'ektlari", "name_ru": "Спортивные сооружения", "image": "Categories/sportzal_0l7ZrPr.jpg", "danger": "", "properties": [1]}}, {"model": "main.category", "pk": 3, "fields": {"name_uz": "Maktab kolledj", "name_ru": "Школа и колледж", "image": "Categories/offis_4lbaygH.jpg", "danger": "", "properties": []}}, {"model": "main.category", "pk": 4, "fields": {"name_uz": "Savdo markazlari", "name_ru": "Торговые центры", "image": "Categories/market_6VMyfGy.jpg", "danger": "", "properties": [1]}}, {"model": "main.category", "pk": 5, "fields": {"name_uz": "Xususiy interyerlar", "name_ru": "Частные интерьеры", "image": "Categories/xususiy_oRploFR.jpg", "danger": "", "properties": [1]}}, {"model": "main.category", "pk": 6, "fields": {"name_uz": "Ofislar", "name_ru": "Офисы", "image": "Categories/office_OxkB3Ma.jpg", "danger": "", "properties": [1]}}, {"model": "main.category", "pk": 7, "fields": {"name_uz": "Boshqa tovarlar", "name_ru": "Прочие товары", "image": "Categories/other_dWkyCxm.jpg", "danger": "", "properties": [1]}}, {"model": "main.category", "pk": 8, "fields": {"name_uz": "Moslashuvchan chegara", "name_ru": "Гибкая граница", "image": "Categories/resize_o3N2tAF.jpg", "danger": "Yangi!!!", "properties": [1]}}, {"model": "main.image", "pk": 2, "fields": {"image": "Posts/ricoflex1.webp", "name": "RicoFlex"}}, {"model": "main.image", "pk": 3, "fields": {"image": "Posts/ricoflex2.webp", "name": "RicoFlex"}}, {"model": "main.image", "pk": 4, "fields": {"image": "Posts/ricoflex3.webp", "name": "RicoFlex"}}, {"model": "main.image", "pk": 5, "fields": {"image": "Posts/ricoflex4.webp", "name": "RicoFlex"}}, {"model": "main.image", "pk": 6, "fields": {"image": "Posts/ricoflex5.webp", "name": "RicoFlex"}}, {"model": "main.image", "pk": 7, "fields": {"image": "Posts/ricoflex6.webp", "name": "RicoFlex"}}, {"model": "main.image", "pk": 8, "fields": {"image": "Posts/objectserver1.webp", "name": "object-server"}}, {"model": "main.image", "pk": 9, "fields": {"image": "Posts/objectserver2.webp", "name": "object-server"}}, {"model": "main.image", "pk": 10, "fields": {"image": "Posts/objectserver3.webp", "name": "object-server"}}, {"model": "main.image", "pk": 11, "fields": {"image": "Posts/objectserver4.webp", "name": "object-server"}}, {"model": "main.image", "pk": 12, "fields": {"image": "Posts/objectserver5.webp", "name": "object-server"}}, {"model": "main.image", "pk": 24, "fields": {"image": "Posts/xolodsvarka1.webp", "name": "xolodsvarka"}}, {"model": "main.image", "pk": 25, "fields": {"image": "Posts/xolodsvarka2.webp", "name": "xolodsvarka"}}, {"model": "main.image", "pk": 26, "fields": {"image": "Posts/xolodsvarka3.webp", "name": "xolodsvarka"}}, {"model": "main.image", "pk": 27, "fields": {"image": "Posts/xolodsvarka14.webp", "name": "xolodsvarka"}}, {"model": "main.image", "pk": 28, "fields": {"image": "Posts/homakol1.webp", "name": "homakol"}}, {"model": "main.image", "pk": 29, "fields": {"image": "Posts/homakol2.webp", "name": "homakol"}}, {"model": "main.image", "pk": 30, "fields": {"image": "Posts/homakol3.webp", "name": "homakol"}}, {"model": "main.image", "pk": 31, "fields": {"image": "Posts/homakol4.webp", "name": "homakol"}}, {"model": "main.image", "pk": 32, "fields": {"image": "Posts/plintus1.webp", "name": "plintus"}}, {"model": "main.image", "pk": 33, "fields": {"image": "Posts/plintus2.webp", "name": "plintus"}}, {"model": "main.image", "pk": 34, "fields": {"image": "Posts/plintus3.webp", "name": "plintus"}}, {"model": "main.image", "pk": 35, "fields": {"image": "Posts/plintus4.webp", "name": "plintus"}}, {"model": "main.image", "pk": 36, "fields": {"image": "Posts/LG-origin1.webp", "name": "lgorigin"}}, {"model": "main.image", "pk": 37, "fields": {"image": "Posts/LG-origin2.webp", "name": "lgorigin"}}, {"model": "main.image", "pk": 38, "fields": {"image": "Posts/LG-durable1.webp", "name": "lg-durable"}}, {"model": "main.image", "pk": 39, "fields": {"image": "Posts/LG-durable3.webp", "name": "lg-durable"}}, {"model": "main.image", "pk": 40, "fields": {"image": "Posts/LG-durablw2.webp", "name": "lg-durable"}}, {"model": "main.image", "pk": 41, "fields": {"image": "Posts/ricoColor1.webp", "name": "Ricocolor"}}, {"model": "main.image", "pk": 42, "fields": {"image": "Posts/ricoColor2.webp", "name": "Ricocolor"}}, {"model": "main.image", "pk": 43, "fields": {"image": "Posts/ricoColor3.webp", "name": "Ricocolor"}}, {"model": "main.image", "pk": 44, "fields": {"image": "Posts/ricoColor4.webp", "name": "Ricocolor"}}, {"model": "main.post", "pk": 1, "fields": {"post": 8, "subject_uz": "Rico Flex", "subject_ru": "Rico Flex", "comment_uz": "Kompaniyamiz plastik profilni taqdim etadi Rico Flex - bo'g'inlarni bezash uchun eng qulay variant. Odatda laminat, linoleum, plitkalar, shuningdek, turli qavatlarning murakkab kavisli bo'g'inlarini bezashda ishlatiladi. Rico Flex moslashuvchan taxta uchun o'rnatish paneli har qanday yo'nalishda barning moslashuvchanligi uchun teshilishga ega. Bundan tashqari, bar balandligi 6 dan 18 mm gacha bo'lgan sirtlarda, barning balandligini oshiradigan oyoqlar tufayli o'zgarishi mumkin.", "comment_ru": "Наша компания предлагает пластиковый профиль Rico Flex- самый практичный вариант оформления стыков. Обычно его используют на полах из ламината, линолеума, плитки, а также при отделке сложных криволинейных стыков различных напольных покрытий. Монтажная планка для гибкого напольного профиля Rico Flex имеет перфорацию для гибкости планки в любых направлениях. Также планку можно использовать при перепадах поверхностей, высота которых от 6 до 18 мм, благодаря ножкам, увеличивающим высоту планки.", "image": [2, 3, 4, 5, 6, 7]}}, {"model": "main.post", "pk": 2, "fields": {"post": 7, "subject_uz": "Ob'ekt-server", "subject_ru": "Объект - серверная.", "comment_uz": "Ob'ekt-server. LG kelib chiqishi Supero'tkazuvchilar PVX qoplamasi, mis lenta, homakoll 168 Supero'tkazuvchilar yopishtiruvchi ishlatilgan.", "comment_ru": "Объект - серверная. Использовалось токопроводящее ПВХ покрытие LG Origin, медная лента, токопроводящий клей Homakoll 168.", "image": [8, 9, 10, 11, 12]}}, {"model": "main.post", "pk": 4, "fields": {"post": 5, "subject_uz": "Rico Color", "subject_ru": "Rico Color", "comment_uz": "O'zbekiston bozorida yangilik!\r\nRico Color yubka taxtasi - yangi dizayn, yangi imkoniyatlar!\r\nAfzallik:\r\n• Yupqa taxtaning oqlangan profili ham zamonaviy, ham klassik interyerga mos keladi.\r\n• Etak taxtasida simlarni yashirish uchun yashirin joy bor.\r\n• Etak taxtasi bo'yash uchun mos, bo'yashsiz ham ishlatilishi mumkin (oq).\r\n• Oddiy yig'ish va demontaj qilish.\r\n• Yelimlash uchun maxsus oluklar, yubka taxtasini devorga o'rnatuvchi tasmasiz va devorlarni burg'ulamasdan yopishtirish imkonini beradi.\r\n• Mexanik shikastlanishlarga, namlikka chidamli.\r\nVeb -sayt: www.relen.uz\r\nTel: +998 99 810-51-33; +998 90 185-61-02.", "comment_ru": "Новинка на рынке Узбекистана!\r\nПлинтус Rico Color – новый дизайн, новые возможности!\r\nПреимущество:\r\n•  Изящный профиль плинтуса по стилю подходит как к современным интерьерам, так и к классическим.\r\n•  Плинтус имеет скрытое пространство для того чтобы спрятать провода.\r\n•  Плинтус подходит для окрашивания, также можно использовать без покраски (белый цвет).\r\n•  Простой монтаж и демонтаж.\r\n•  Специальные канавки для нанесения клея, позволяют приклеивать плинтус к стене без монтажной планки и без сверления стен.\r\n•  Устойчив к механическим повреждениям, воздействиям влаги.\r\nСайт:  www.relen.uz \r\nТел: +998 99 810-51-33; +998 90 185-61-02.", "image": [41, 42, 43, 44]}}, {"model": "main.post", "pk": 7, "fields": {"post": 7, "subject_uz": "HOMAKOLL", "subject_ru": "HOMAKOLL", "comment_uz": "Homakoll mavjud:\r\n- Sovuq payvandlash S401 - PVX pol qoplamalarining bo'g'inlarini yopishtirish uchun mo'ljallangan (PVX linolyum, vinil plitkalar). Turar -joy va tijorat linolyum uchun tavsiya etiladi. Qurilishda qattiq PVX quvurlarni birlashtirish uchun javob beradi.\r\n- 148 -yopishtiruvchi - nam yopishtiruvchi qatlamda suvni (beton, tsement dastasi, yog'och, sunta, tolali taxta) o'zlashtiradigan substratlarga ko'pikli, qoziqli yoki to'quv qoplamali rulonli pol qoplamalarini yopishtirish uchun maxsus mo'ljallangan va mo'ljallangan.\r\n- Yopishtiruvchi 168 - Har qanday sirtga, shu jumladan suvni singdirmaydigan substratlarga (masalan, eski linolyum, laminat parket, keramik plitkalar) har xil egiluvchan tijorat qoplamalarini o'rnatish uchun maxsus mo'ljallangan va mo'ljallangan.\r\n- Yelim tuzatuvchi 188 - Fiksatsiya PVX pol qoplamalarini (shu jumladan konstruktiv plitkalarni) va gilam plitalarini, shuningdek, changni yutuvchi va emmaydigan tagliklarga har qanday egiluvchan pol qoplamalarini yotqizish uchun mo'ljallangan bo'lib, moslashuvchan qoplamalardan \"mozaikali\" (figurali) kompozitsiyalar hosil qiladi.", "comment_ru": "В наличии Homakoll:\r\n- Холодная сварка S401 – Предназначен для склеивания стыков напольных ПВХ-покрытий (ПВХ-линолеума, виниловых плиток). Рекомендован для бытового и коммерческого линолеума. Подходит для соединения труб из жесткого ПВХ в строительстве.\r\n- Клей 148 - Специально разработан и предназначен для приклеивания рулонных напольных покрытий на вспененной, ворсовой или тканой подоснове к основаниям, впитывающим воду (бетон, цементная стяжка, дерево, ДСП, ДВП), на сырой клеевой слой.\r\n- Клей 168 -  Специально разработан и предназначен для укладки различных гибких коммерческих покрытий на любые поверхности, в том числе на основания, не впитывающие воду (например, на старый линолеум, ламинированный паркет, керамическую плитку).\r\n- Клей фиксатор 188 - Фиксация предназначена для укладки напольных ПВХ-покрытий (в т.ч. дизайн-плитки) и ковровых плиток, а также любых гибких напольных покрытий на впитывающие и не впитывающие основания, для создания «мозаичных» (фигурных) композиций из гибких покрытий.", "image": [28, 29, 30, 31]}}, {"model": "main.post", "pk": 9, "fields": {"post": 1, "subject_uz": "Tibbiy plintus", "subject_ru": "Медицинский плинтус", "comment_uz": "Toshli stomatologiyalardan birida LG Hausys - Medistep, tibbiy plintus - Ros Mat antibakterial PVX pol qoplamasi.", "comment_ru": "Антибактериальное ПВХ покрытие пола LG Hausys  - Medistep, медицинский плинтус –Рос Мат в одной из стоматологии в Ташкенте.", "image": [32, 33, 34, 35]}}, {"model": "main.post", "pk": 10, "fields": {"post": 1, "subject_uz": "LG Origin", "subject_ru": "LG Origin", "comment_uz": "KONVUKTIV LINOLEUM - BU NIMADI\r\nZamonaviy klinikani ko'p sonli yuqori aniqlikdagi elektron tibbiy diagnostika va profilaktika uskunasisiz, kompyuter va boshqa uskunasiz tasavvur qilishning iloji yo'q. Har qanday elektron komponentning barqarorligi to'g'ridan -to'g'ri xona polining elektr o'tkazuvchanlik darajasiga bog'liq. Bemorning sog'lig'i va xavfsizligi haqida gap ketganda, hech qanday murosaga kelish mumkin emas. Shu sababli, LG ning past elektr qarshiligiga ega (6 ohmda 10 dan kam) Origin seriyali bir hil, Supero'tkazuvchilar qoplamalari barcha turdagi tibbiyot muassasalaridagi elektron uskunalarning aniqligi va barqarorligi uchun maxsus mo'ljallangan.\r\nSupero'tkazuvchi va antistatik linolyum o'rtasidagi farq nima?\r\nBizning kompaniyamizga ko'pincha antistatik linolyum sotib olish istagi bilan xaridorlar murojaat qilishadi. Ammo siz tushuna boshlaganingizda, ularga antistatik vosita kerak emas, balki o'tkazuvchi yoki o'tkazuvchi linolyum kerak bo'ladi. Nima farqi bor? Birinchidan, qarshilik farqi-Supero'tkazuvchi linolyum 1x104-1x106 ohmni o'z ichiga olgan qarshilikka ega, oqim tarqatuvchi linolyum 1x106-1x108 ohm, antistatik linolyum-1x109 ohm. Ikkinchidan, Supero'tkazuvchi linolyum va oqim chiqaruvchi linolyum zaryadni qalinligi orqali erga tushiradi va antistatik linolyumda statik zaryad oddiygina sirt ustida tarqaladi. Antistatik linolyum asosan yirik ofislarda va chaqiruv markazlarida ishlatiladi; uni tibbiyotda ishlatish mumkin emas, lekin hali ham o'tkazgichlar o'rniga (hali ham sovet standarti bo'yicha) loyihalarga antistatik linolyum yozadigan dizaynerlar bor.\r\nZamin yuzasida doimiy ravishda hosil bo'ladigan elektrostatik zaryadlar uskunaga tuzatib bo'lmaydigan shikast etkazishi va xodimlar va bemorlarga ko'p noqulayliklar keltirishi mumkin. Zaminning elektr qarshiligining pastligi statik tushirishning zudlik bilan zaryadsizlanishiga imkon beradi, bu esa xonaning xavfsiz va qulay bo'lishini ta'minlaydi. LG Origin kompaniyasining ilg'or texnologiyalari moddiy tuzilishga grafit qo'shimchalari kiritilishi tufayli moddiy hayotning o'tkazuvchanlik xususiyatlarini kafolatlaydi.\r\nSupero'tkazuvchi linolyumning texnik xususiyatlari\r\nLg kelib chiqishi\r\n• kengligi 2 m, qalinligi 2 mm bo'lgan bir hil qoplama.\r\n• 40 m2 maydonda\r\n• vertikal qarshilik: 1x106 Ohmdan kam\r\n• antistatik xususiyatlar 2 kV dan past\r\n• foydalanish klassi 34/43\r\n• siljish koeffitsienti R9\r\n• aşınma koeffitsienti P\r\nSupero'tkazuvchi linolyum LG Origin operatsion xonalarda, reanimatsiya qutilarida va reanimatsiyada, \"toza\" xonalarda, yuqori qavat tizimining bir qismi sifatida, server xonalarida, MRI, rentgen va funktsional diagnostika xonalarida foydalanish uchun tavsiya etiladi.", "comment_ru": "ТОКОПРОВОДЯЩИЙ ЛИНОЛЕУМ -ЧТО ЭТО ЗНАЧИТ\r\nНевозможно представить современную клинику без большого количества высокоточного электронного лечебно-диагностического и профилактического оборудования, без компьютеров и другой техники. Стабильность работы любого электронного компонента напрямую зависит от уровня электропроводности напольных покрытий в помещении. Когда речь идет о здоровье и безопасности пациентов - компромисс невозможен. Именно поэтому гомогенные токопроводящие покрытия LG серии Origin с низким электрическим сопротивлением (менее 10 в 6 Ом) специально спроектированы для точности и стабильности работы электронного оборудования в лечебно-профилактических учреждениях любого типа.\r\nВ чем отличие токопроводящего линолеума от антистатического?\r\nВ нашу компания часто обращаются клиенты с желание купить антистатический линолеум. Но когда начинаешь разбираться, то выясняется, что им нужен не антистатик, а токопроводящий или токорассеивающий линолеум. В чем же разница? Во-первых, разница в сопротивлении - токопроводящий линолеум имеет сопротивление 1х104-1х106 Ом включительно, токорассеивающий линолеум имеет сопротивление от 1х106-1х108 Ом, антистатический линолеум - 1х109Ом. Во вторых, токопроводящий линолеум и токорассеивающий линолеум отводят заряд по толщине в заземление, а в антистатическом линолеуме статический заряд просто растекается по поверхности. Антистатический линолеум применяется в основном в крупных офисах и телефонных центрах, его нельзя применять в медицине, несмотря на то что еще встречаются проектировщики, которые в проектах пишут антистатический линолеум (еще по советскому стандарту) вместо токопроводящего.\r\nЭлектростатический заряд, постоянно образующийся на поверхности пола может нанести непоправимый вред оборудованию и доставить массу неудобств персоналу и пациентам. Пониженное электрическое сопротивление напольного покрытия позволяет мгновенно отводить статический заряд, обеспечивая безопасность и комфорт в помещении. Передовые технологии концерна LG Origin гарантируют материалу пожизненные токопроводящие свойства - за счет внедрения в структуру материала графитовых вставок.\r\nТехнические характеристики токопроводящего линолеума \r\nLG Origin\r\n•  гомогенное покрытие шириной 2м, толщина 2 мм.\r\n•  в рулоне 40 м2 \r\n•  вертикальное сопротивление: менее 1х106 Ом\r\n•  антистатические свойства менее 2 кВ\r\n•  класс использования 34/43\r\n•  коэфициент скольжения R9\r\n•  коэффициент истирания P\r\nТокопроводящий линолеум LG Origin рекомендован к использованию в операционных залах, боксах интенсивной терапии и реанимационных, \"чистых\" помещениях, как часть устройства системы фальшпола, серверных комнатах, кабинетах МРТ, рентгенографии и функциональной диагностики.", "image": [36, 37]}}, {"model": "main.post", "pk": 11, "fields": {"post": 3, "subject_uz": "LG Durable", "subject_ru": "LG Durable", "comment_uz": "Keles shifoxonalaridan birida LG bardoshli pol va RosMat tibbiy plintusi ishlatilgan. Ish Gamilon ustalari tomonidan amalga oshiriladi.\r\nTel: +998 (90) 186-77-07", "comment_ru": "Напольное покрытие LG Durable и медицинский плинтус РосМат использовали в одной из больниц Келеса. Работа сделана мастерами Gamilon.\r\nТел: +998 (90) 186-77-07", "image": [38, 39, 40]}}, {"model": "main.post", "pk": 13, "fields": {"post": 7, "subject_uz": "Sovuq payvandlash", "subject_ru": "Холодная сварка", "comment_uz": "Sovuq payvandlash\r\n1. Avval qo'lqop kiyishingiz kerak.\r\n2. Biz chokni changyutgich bilan changdan yaxshilab tozalaymiz. Agar bo'g'imga suv kirsa, uni artib quriting.\r\n3. Panellarning chetiga (birlashma joyida) keng bir tomonlama panelni yopishtiramiz.\r\n4. Linolyum tuvallarining birlashuvi ustidagi skotchni ehtiyotkorlik bilan pichoq bilan kesib oling.\r\n5. Yopishtiruvchi endi muloyimlik bilan qo'llanilishi mumkin. Naychaning uchida \"igna\" bor - bu elim aylanadigan qo'llanma. Paxta sumkasini uchi ostida ushlab turish kerak, shunda linolyumga emas, balki uning ustiga ortiqcha elim tomiziladi. Yelimli boncuk taxminan 4 mm balandlikda bo'lishi kerak.\r\n6. 5-10 daqiqadan so'ng siz lentani olib tashlashingiz mumkin. Yarim soat ichida, elim to'liq quriganida, siz tikuv bo'ylab yurishingiz va hatto yugurishingiz mumkin.\r\n7. Agar elim tasodifan linolyumga to'kilsa, ortiqcha qismini darhol artib tashlamang. Yelim quriguncha kuting va keyin o'tkir pichoq bilan olib tashlang.\r\nTel: 90 186-77-07", "comment_ru": "Холодная сварка \r\n1. Сначала нужно (обязательно) надеть перчатки.\r\n2. Пылесосом тщательно очищаем шов от пыли. Если в стык попала вода, надо насухо вытереть.\r\n3. Наклеиваем на края полотнищ (по стыку) широкий односторонний.\r\n4. Аккуратно прорезаем лезвием скотч над местом стыка полотен линолеума.\r\n5. Теперь можно аккуратно наносить клей. На наконечнике тюбика есть <иголочка> - это направляющая, по которой катится клей. Под наконечником надо держать ватный тампон, чтобы излишки клея капали на него, а не на линолеум. Высота полоски клея должна быть примерно 4 мм.\r\n6. Через 5-10 минут можно удалять скотч. Через полчаса, когда клей окончательно высохнет, по шву можно будет ходить и даже бегать.\r\n7. Если клей случайно вылился на линолеум, не нужно вытирать излишки сразу. Подождите, пока клей высохнет, а потом удалите острым ножом.\r\nТел:90 186-77-07", "image": [24, 25, 26, 27]}}, {"model": "main.relen", "pk": 1, "fields": {"image": "Relen/BR_92306-01-1.webp", "header": "BR_92306-01"}}, {"model": "main.relen", "pk": 2, "fields": {"image": "Relen/BR_92305-01-1.webp", "header": "BR_92305-01"}}, {"model": "main.relen", "pk": 3, "fields": {"image": "Relen/BR_92304-01-1.webp", "header": "BR_92304-01"}}, {"model": "main.relen", "pk": 4, "fields": {"image": "Relen/BR_92203-01-1.webp", "header": "BR_92203-01"}}, {"model": "main.relen", "pk": 5, "fields": {"image": "Relen/BR_92202-01-1.webp", "header": "BR_92202-01"}}, {"model": "main.relen", "pk": 6, "fields": {"image": "Relen/BR_91229-01-1.webp", "header": "BR_91229-01"}}, {"model": "main.relen", "pk": 7, "fields": {"image": "Relen/BR_91228-01-1.webp", "header": "BR_91228-01"}}, {"model": "main.relen", "pk": 8, "fields": {"image": "Relen/BR_91226-01-1.webp", "header": "BR_91226-01"}}, {"model": "main.relen", "pk": 9, "fields": {"image": "Relen/BR_91225-01-1.webp", "header": "BR_91225-01"}}, {"model": "main.relen", "pk": 10, "fields": {"image": "Relen/BR_91224-01-1.webp", "header": "BR_91224-01"}}, {"model": "main.relen", "pk": 11, "fields": {"image": "Relen/BR_91223-01-1.webp", "header": "BR_91223-01"}}, {"model": "main.relen", "pk": 12, "fields": {"image": "Relen/BR_91222-01-1.webp", "header": "BR_91222-01"}}, {"model": "main.relen", "pk": 13, "fields": {"image": "Relen/BR_91221-01-1.webp", "header": "BR_91221-01"}}, {"model": "main.relen", "pk": 16, "fields": {"image": "Relen/DU_90001-01-1.webp", "header": "DU_90001-01"}}, {"model": "main.relen", "pk": 17, "fields": {"image": "Relen/DU_90002-01-1.webp", "header": "DU_90002-01"}}, {"model": "main.relen", "pk": 18, "fields": {"image": "Relen/DU_90004-01-1.webp", "header": "DU_90004-01"}}, {"model": "main.relen", "pk": 19, "fields": {"image": "Relen/DU_90006-01-1.webp", "header": "DU_90006-01"}}, {"model": "main.relen", "pk": 20, "fields": {"image": "Relen/DU_90015-1.webp", "header": "DU_90015"}}, {"model": "main.relen", "pk": 21, "fields": {"image": "Relen/DU_90016-1.webp", "header": "DU_90016"}}, {"model": "main.relen", "pk": 22, "fields": {"image": "Relen/DU_90020-1.webp", "header": "DU_90020"}}, {"model": "main.relen", "pk": 23, "fields": {"image": "Relen/DU_90021-1.webp", "header": "DU_90021"}}, {"model": "main.relen", "pk": 24, "fields": {"image": "Relen/DU_90024-1.webp", "header": "DU_90024"}}, {"model": "main.relen", "pk": 25, "fields": {"image": "Relen/DU_99916-1.webp", "header": "DU_99916"}}, {"model": "main.relen", "pk": 26, "fields": {"image": "Relen/SMU_4201.webp", "header": "SMU_4201"}}, {"model": "main.relen", "pk": 27, "fields": {"image": "Relen/SMU_4205.webp", "header": "SMU_4205"}}, {"model": "main.relen", "pk": 28, "fields": {"image": "Relen/SMU_4207.webp", "header": "SMU_4207"}}, {"model": "main.relen", "pk": 29, "fields": {"image": "Relen/SMU_4208.webp", "header": "SMU_4208"}}, {"model": "main.relen", "pk": 30, "fields": {"image": "Relen/SOC-3201-orig-cond-1.webp", "header": "SOC 3201"}}, {"model": "main.ism", "pk": 1, "fields": {"name": "Ismoil", "phone": 55555, "message": ""}}, {"model": "main.ism", "pk": 2, "fields": {"name": "Ismoil", "phone": 55555, "message": ""}}, {"model": "main.ism", "pk": 3, "fields": {"name": "Ismoil", "phone": 55555, "message": ""}}, {"model": "main.ism", "pk": 4, "fields": {"name": "Ismoil", "phone": 564, "message": ""}}, {"model": "main.ism", "pk": 5, "fields": {"name": "Ismoil", "phone": 564, "message": ""}}, {"model": "main.ism", "pk": 6, "fields": {"name": "Ismoil", "phone": 564, "message": ""}}, {"model": "main.ism", "pk": 7, "fields": {"name": "Ismoil", "phone": 564, "message": ""}}, {"model": "main.ism", "pk": 8, "fields": {"name": "Ismoil", "phone": 45, "message": ""}}, {"model": "main.ism", "pk": 9, "fields": {"name": "oaicnklasgcjascacsbfilVL", "phone": 2002220, "message": ""}}, {"model": "main.ism", "pk": 10, "fields": {"name": "Abdulvoris101", "phone": 909174227, "message": "6g7gyg7g6g6"}}, {"model": "main.ism", "pk": 11, "fields": {"name": "lkh", "phone": 468, "message": "asclihasc"}}, {"model": "main.ism", "pk": 12, "fields": {"name": "Ismoil", "phone": 1111, "message": "assssss"}}, {"model": "main.ism", "pk": 13, "fields": {"name": "olimmmmm", "phone": 909094648, "message": "as,mc jasbcjlkasbkcnk.ascbkaskjc;"}}, {"model": "main.properties", "pk": 1, "fields": {"name": "Bright", "content_uz": "Himoya qatlami Oson tozalash UV - tozalash oson. Yuvish mumkin - \"T\" guruhi - namuna qalinligi 0,08 mm o'chiriladi. Bu eng bardoshli mahsulotlar toifasi.- Qoplamani tavsiflovchi yana bir ko'rsatkich - linolyumning aşınması.\r\n\r\nBu qoplamaning yuqori himoya qatlami qanchalik tez yupqalashishini aniqlaydigan omil. Aşınma darajasiga ko'ra, linolyum EN660-1 standarti bo'yicha Evropa tasnifi bo'yicha 4 ta asosiy guruhga bo'linadi.\r\n\r\nAşınma qarshilik indeksi - \"2\" - turar-joy binolari, ya'ni kvartiralar, uylar, kottejlar va boshqalar - ishlab chiqaruvchilar va iste'molchilarning qulayligi uchun barcha qoplamalarning, shu jumladan linoleumlarning aşınma qarshiligi tasnifi. Bunday holda, ikkita raqamdan iborat raqamli indeks ishlatiladi. Yuklanish darajasi: \"2\" - o'rtacha yuk;\r\n\r\nTurar -joy binolarida foydalanish uchun quyidagilar taqdim etiladi: \"23\" - bu qoplama, masalan, oshxonada, koridorlarda yoki kommunal binolarda, transport juda ko'p bo'lgan turar -joy binolari uchun mo'ljallangan.\r\n\r\nLinolyumning bir qator qo'shimcha xususiyatlari:\r\n\r\nQoplama antistatik xususiyatlarga ega;\r\nBu linolyum olovga moyilligi past;\r\nLinolyum mexanik shikastlanishdan, shu jumladan uy hayvonlarining tirnoqlaridan qo'rqmaydi;\r\nQoplama qo'shimcha ravishda poliuretan qatlami bilan himoyalangan;\r\nLinolyum har qanday uy yuvish vositasi yordamida nam tozalashga yaxshi yordam beradi.\r\nKo'p qatlamli heterojen linolyum. - Geterogen bo'lmagan qoplama quyidagi qatlamlardan iborat:\r\nQalinligi butun qoplamaning aşınma qarshilik sinfiga bevosita ta'sir qiladigan oldingi himoya qatlami;\r\nNaqsh va ranglar bilan bezatilgan elementlar;\r\nKo'pikli shisha tolali interlayer yoki vaqt o'tishi bilan qoplamaning qisqarishini kamaytiradigan astarli qo'shimcha taglik qatlami;\r\nOvoz va issiqlik izolyatsiyasi darajasiga ta'sir qiluvchi ikkinchi ko'pikli qatlam;\r\ngidroizolyatsiya funktsiyalarini bajaradigan va oldingi ko'pikli qatlamni yo'q qilishni oldini oladigan tikuv qatlamini tugatish.\r\n \r\n\r\n** Yorqin kafolat - T1.6mmX2,000mX20m / Roll / (0.15) - 7 yil.\r\n\r\n** Kafolat muddatlari, ishlab chiqaruvchi tomonidan ishlab chiqilgan, o'rnatish yo'riqnomalariga va pol qoplamalarini ishlatish va parvarish qilish talablariga qat'iy rioya qilingan holda amal qiladi.", "content_ru": "Защитный слой Easy Clean UV – Легко очищаемый.Истираемость – Группа «Т» – образец стирается на 0,08 мм по толщине. Это категория наиболее прочных изделий.- Еще одним показателем, характеризующим покрытие, является истираемость линолеума.\r\n\r\nЭто фактор, определяющий, как быстро склонен истончаться верхний защитный слой покрытия. По уровню истираемости линолеум разделяют на 4 основные группы согласно европейской классификации по стандарту EN660-1.\r\n\r\nИндекс износостойкости – «2» – помещения жилого типа, то есть квартиры, дома, коттеджи и т.д.;- Для удобства производителей и потребителей классификация износоустойчивости всех покрытий, в том числе и линолеумов. При этом используют цифровой индекс, состоящий из двух цифр. Степень нагрузки: «2» – умеренная нагрузка;\r\n\r\nДля применения в условиях жилого помещения предусмотрены: «23» – данное покрытие предназначено для жилых помещений, где наблюдается достаточно интенсивное движение, например, на кухне, в коридорах или в помещениях коммунального пользования.\r\n\r\nРяд дополнительных характеристик линолеума:\r\n\r\nПокрытие обладает антистатическими свойствами;\r\nУ данного линолеума низкая склонность к возгоранию;\r\nЛинолеум не боится механических повреждений, в том числе от когтей домашних животных;\r\nПокрытие дополнительно защищено полиуретановым слоем;\r\nЛинолеум хорошо поддается влажной уборке с применением любых разновидностей бытовых моющих средств.\r\nМногослойный гетерогенный линолеум. – Гетерогенное покрытие состоит из таких слоев:\r\nЛицевой защитный слой, толщина которого напрямую влияет на класс износостойкости всего покрытия;\r\nДекоративные элементы с рисунком и расцветкой;\r\nПрослойка из вспененного стекловолокна или дополнительный несущий слой с грунтованием, который минимизирует усадку покрытия с течением времени;\r\nВторой вспененный слой, влияющий на степень звуко- и теплоизоляции;\r\nфинишный изнаночный слой, выполняющий функции гидрозащиты, и предотвращающий разрушение предыдущего пенного слоя.\r\n \r\n\r\n**Гарантия Bright – T1.6mmX2,000mX20m/Roll/(0.15) – 7 лет.\r\n\r\n** гарантийные сроки эксплуатации действительны при строгом соблюдении инструкции по установке и требований к эксплуатации и уходу за напольными покрытиями разработанных производителем.", "relen_product": [1, 2, 3, 4, 5, 6, 7, 8, 9, 10, 11, 12, 13], "products": [7]}}, {"model": "main.properties", "pk": 2, "fields": {"name": "Durable", "content_uz": "Oson tozalash UV nurli himoya qatlami -tozalash oson. Sinfdan foydalaning - 34/43\r\n\r\n- \"34\" - bu material ko'p odamlar uchun mo'ljallangan, ya'ni poezd stantsiyalari, aeroportlar, savdo markazlari, kontsert joylari, davlat muassasalari uchun mos.\r\n\r\n- \"43\" - mavjud bo'lgan materiallarning eng bardoshli, shuning uchun uni yuk ko'p bo'lgan ustaxonalarda, omborlarda yoki tarqatish markazlarida ishlatish mumkin.\r\n\r\nQatlamning qalinligi - \"T\" guruhi - namuna qalinligi 0,08 mm ga o'chiriladi. Bu eng bardoshli mahsulotlar toifasi.\r\nAşınma qarshilik indeksi - Binolar turi bo'yicha - \"3\" ma'muriy va jamoat binolari, bolalar bog'chalari, poliklinikalar, maktablar va boshqalar;\r\n\r\nYuk guruhining darajasi - \"3\" - yuqori yuklanish;\r\n\r\nPlitkaning siljish darajasi R9-R-13 indeksi bilan belgilanadi, bu plitaning siljishiga to'sqinlik qiladigan burchakka bog'liq:\r\nR9 - 6-10 °. Turar-joy, ta'lim va jamoat joylari uchun ideal. Ushbu tasnif Germaniya DIN 51130 standartida ishlab chiqilgan. Tasniflash faqat sirpanish xavfi bo'lgan yoki moylash materiallari, yog ', suv (kir yuvish, oziq-ovqat mahsulotlarini ishlab chiqarish, oshxonalar) mavjud bo'lgan xonalar uchun qo'llaniladi. kafelarda, restoranlarda, shifoxonalarda, maktablarda; garajlar va avtoservislarda).\r\n\r\nQo'shimcha xususiyatlar:\r\n\r\nQoplama antistatik xususiyatlarga ega;\r\nBu linolyum olovga moyilligi past;\r\nLinolyum mexanik shikastlanishdan qo'rqmaydi;\r\nQoplama qo'shimcha ravishda poliuretan qatlami bilan himoyalangan;\r\nLinolyum har qanday uy yuvish vositasi yordamida nam tozalashga yaxshi yordam beradi.\r\nHeterojen (Tijorat) qoplamasi quyidagi qatlamlardan iborat: oldingi himoya qatlami, qalinligi butun qoplamaning aşınma qarshilik sinfiga bevosita ta'sir qiladi;\r\nNaqsh va ranglar bilan bezatilgan elementlar;\r\nko'pikli shisha tolali interlayer yoki vaqt o'tishi bilan qoplamaning qisqarishini kamaytiradigan astar bilan qo'shimcha tashuvchi qatlam;\r\nOvoz va issiqlik izolyatsiyasi darajasiga ta'sir qiluvchi ikkinchi ko'pikli qatlam;\r\ngidroizolyatsiya funktsiyalarini bajaradigan va oldingi ko'pikli qatlamni yo'q qilishni oldini oladigan tikuv qatlamini tugatish.\r\n\r\n** Kafolat: bardoshli - T2.0mmX2.000mX20m / Roll / (0.7mm) - 12 yil.\r\n\r\n** Kafolat muddatlari, ishlab chiqaruvchi tomonidan ishlab chiqilgan, o'rnatish yo'riqnomalariga va pol qoplamalarini ishlatish va parvarish qilish talablariga qat'iy rioya qilingan holda amal qiladi.", "content_ru": "Защитный слой Easy Clean UV -Легко очищаемый. Класс использования – 34/43\r\n\r\n– «34» – такой материал рассчитан на большое количество людей, то есть подходит для вокзалов, аэропортов, торговых центров, концертных площадок, государственных заведений.\r\n\r\n– «43» – самый прочный из имеющихся материалов, поэтому может применяться для цехов с интенсивным движением, складов или оптовых баз.\r\n\r\nТолщина слоя износа – Группа «Т» – образец стирается на 0,08 мм по толщине. Это категория наиболее прочных изделий.\r\nИндекс износостойкости – По типу помещения – «3» административные и общественные помещения, детские сады, поликлиники, школы и так далее;\r\n\r\nСтепень нагрузки группа – «3» – высокая нагрузка;\r\n\r\nСтепень скольжения плитки обозначается индексом R9-R-13 в зависимости от того, под каким углом наклона плитка препятствует скольжению:\r\nR9 — 6-10°. Оптимальна для жилых, образовательных и общественных помещений.Эта классификация разработана в немецком стандарте DIN 51130. Классификация относится только к тем помещениям, где есть риск поскользнуться или к тем, где присутствуют смазочные вещества, жир, вода (прачечные, пищевые производства, кухни в кафе, ресторанах, больницах, школах; гаражи и автомастерские).\r\n\r\nДополнительныe характеристики:\r\n\r\nПокрытие обладает антистатическими свойствами;\r\nУ данного линолеума низкая склонность к возгоранию;\r\nЛинолеум не боится механических повреждений;\r\nПокрытие дополнительно защищено полиуретановым слоем;\r\nЛинолеум хорошо поддается влажной уборке с применением любых разновидностей бытовых моющих средств.\r\nГетерогенное (Коммерческий) покрытие состоит из таких слоев: лицевой защитный слой, толщина которого напрямую влияет на класс износостойкости всего покрытия;\r\nДекоративные элементы с рисунком и расцветкой;\r\nпрослойка из вспененного стекловолокна или дополнительный несущий слой с грунтованием, который минимизирует усадку покрытия с течением времени;\r\nВторой вспененный слой, влияющий на степень звуко- и теплоизоляции;\r\nфинишный изнаночный слой, выполняющий функции гидрозащиты, и предотвращающий разрушение предыдущего пенного слоя.\r\n\r\n**Гарантия: Durable – T2.0mmX2,000mX20m/Roll/(0,7mm) – 12 Лет.\r\n\r\n** гарантийные сроки эксплуатации действительны при строгом соблюдении инструкции по установке и требований к эксплуатации и уходу за напольными покрытиями разработанных производителем.", "relen_product": [16, 17, 18, 19, 20, 21, 22, 23, 24, 25], "products": [7]}}, {"model": "main.properties", "pk": 3, "fields": {"name": "Medistep Unite", "content_uz": "LG Hausys -dan Linoleum Medistep Unite - bu bir hil qoplamadir. Medistep Unite kolleksiyasi eng yuqori ishqalanish qarshiligiga ega - T klassi (standart EN 660-2). Bu pol qoplamasining o'ziga xos xususiyati - PUR noorganik maxsus himoya qatlami - shisha tolali qatlamni o'z ichiga olgan yuqori zichlikli poliuretan. Uzoq muddatli foydalanish bilan taxtaning shikastlangan joylari silliqlashi kerak va u asl ko'rinishiga qaytadi.\r\n\r\nLinolyum tibbiyot va ta'lim muassasalarida, ofis va savdo maydonlarida, shuningdek omborlarda foydalanish uchun juda mos keladi. Qoplamaga g'amxo'rlik qilish qiyin bo'lmaydi - Medistep Unite -ni tozalash oson, shuningdek tarkibida antibakterial komponent mavjud.\r\n\r\nRang diapazoni 16 ta rangli dizaynda taqdim etilgan - yorqindan to pastel ranggacha. Medistep Unite kollektsiyasi kuchli naqshlarga ega: pastellar uchun yo'naltirilmagan \"parchalar\" va yorqin ranglar uchun \"chiplar\".", "content_ru": "Линолеум Medistep Unite от LG Hausys – гомогенное покрытие. Коллекция Medistep Unite обладает высочайшей устойчивостью к истиранию – класс Т (стандарт EN 660-2). Особенностью этого напольного покрытия является специальный защитный слой PUR Inorganic – высокоплотный полиуретан, содержащий в себе слой стеклохолста. При долговременном использовании поврежденные участки напольного покрытия достаточно отшлифовать и оно снова будеть иметь первоначальный вид.\r\n\r\nЛинолеум прекрасно подходит для использования в медицинских и образовательных учреждениях, в офисных и торговых помещения, а так же на складах. Уход за покрытием не составит затруднений – Medistep Unite легко моется, а так же имеет антибактериальный компонент в своем составе.\r\n\r\nЦветовая линейка представлена 16 цветовыми дизайнами – от ярких до спокойных пастельных тонов. Коллекция Medistep Unite имеет ярко выраженные рисунки: не направленные “хлопья” для пастельных и “чипсы” для более ярких тонов.", "relen_product": [26, 27, 28, 29], "products": [7]}}, {"model": "main.properties", "pk": 4, "fields": {"name": "Origin Conductive", "content_uz": "Origin Supero'tkazuvchilar to'plami-bu o'tkazgichli PUR sirt qatlamiga ega bo'lgan qoplama, buning natijasida linolyumni ko'p sonli ofis uskunalari va yuqori aniqlikdagi uskunalari bo'lgan xonalarda ishlatish tavsiya etiladi. Qo'llashning asosiy yo'nalishlari: server xonalari, laboratoriyalar, operatsiya xonalari, rentgen xonalari, ofis markazlari va kompyuter laboratoriyalari. Supero'tkazuvchi linolyum LG Hausis Origin Supero'tkazuvchi maxsus substrat bilan jihozlarni ishdan chiqish va buzilishlardan ishonchli himoya qiladi. To'plamda engil neytral soyalarning 6 ta rangi mavjud. Qiziqarli naqsh to'qimalarda toshga o'xshaydi va turli maqsadlar uchun xonalarda ajoyib ko'rinadi.\r\n\r\nTexnik tavsiflar Kelib chiqishi Supero'tkazuvchilar qoplamali linolyum Linolyum turi Bir hil rulodagi miqdori 40 m2 Roll uzunligi 20 yugurish m Rulo kengligi 2 m Umumiy qalinligi 2 mm Umumiy og'irligi 2,8 kg / m2 PVX bazasi Yong'in xavfsizligi klassi KM2 Chidamlilik klassi 33 Tijorat Ishlab chiqarilgan mamlakat Respublikasi Koreya Respublikasi Xususiyatlari Antistatik linoleum, Bir hil linolyum, Aşınmaya bardoshli, Sport linoleum, Supero'tkazuvchilar ilovalar Server xonasi va toza xona, Laboratoriyalar uchun linolyum, Tibbiyot muassasalari uchun linolyum, Ofis uchun linolyum", "content_ru": "Коллекция Origin Conductive – это покрытие с токопроводящим поверхностным слоем PUR, благодаря которому линолеум рекомендован для использования в помещениях с большим количеством оргтехники, высокоточного оборудования. Основные сферы применения: серверные, лаборатории, операционные, рентген-кабинеты, офисные центры и компьютерные классы. Токопроводящий линолеум LG Hausis Origin Conductive со специальной подложкой надежно защитит технику от сбоев и поломок. В коллекции 6 цветов светлых нейтральных оттенков. Интересный рисунок по фактуре напоминает камень и будет великолепно смотреться в помещениях самого разного назначения.\r\n\r\nТехнические характеристики Origin Conductive Тип покрытия Линолеум Вид линолеума Гомогенный Количество в рулоне 40 м2 Длина рулона 20 пог/м Ширина рулона 2 м Общая толщина 2 мм Общий вес 2,8 кг/м2 Основа ПВХ Класс пожарной безопасности КМ2 Класс износостойкости 33 Коммерческий Страна производства Республика Корея Свойства Антистатический линолеум, Гомогенный линолеум, Износостойкий, Спортивный линолеум, Токопроводящий Область применения Для серверной и чистых помещений, Линолеум для лабораторий, Линолеум для медицинских учреждений, Линолеум для офиса", "relen_product": [30], "products": [7]}}]